day,year,mo,da,collision_date,temp,dewp,slp,visib,wdsp,mxpsd,gust,max,min,prcp,sndp,fog,num_collisions
3,2019,08,14,2019-08-14,71.1,68.7,1009.9,8.6,6.8,12.0,999.9,75.9,66.0,99.99,999.9,0,537
5,2019,05,03,2019-05-03,47.3,44.1,1022.8,7.8,9.2,15.9,999.9,55.9,44.1,0.0,999.9,1,651
4,2019,07,04,2019-07-04,66.6,63.7,1017.9,6.3,3.7,8.9,999.9,80.1,59.0,0.0,999.9,1,394
3,2019,06,26,2019-06-26,67.3,64.0,1014.7,8.1,7.9,13.0,999.9,73.9,57.9,0.6,999.9,0,803
3,2019,09,04,2019-09-04,66.6,64.8,1015.1,6.6,7.7,12.0,999.9,77.0,57.9,0.0,999.9,1,600
3,2019,07,03,2019-07-03,70.2,65.1,1009.9,9.2,5.0,8.9,999.9,80.1,59.0,0.0,999.9,0,654
2,2019,07,30,2019-07-30,73.0,71.1,1016.3,6.6,7.8,12.0,999.9,80.1,69.1,0.0,999.9,1,638
6,2019,08,31,2019-08-31,70.3,60.1,1020.7,9.1,5.3,8.9,999.9,79.0,57.9,0.0,999.9,1,502
1,2019,06,10,2019-06-10,59.4,53.6,1022.9,10.0,10.5,14.0,999.9,66.9,45.0,0.0,999.9,0,613
7,2019,10,06,2019-10-06,52.0,46.1,1029.5,10.0,7.2,15.9,999.9,64.9,37.0,0.0,999.9,0,435
2,2019,05,07,2019-05-07,48.3,42.8,1021.2,10.0,7.8,13.0,999.9,55.9,37.0,0.25,999.9,0,647
3,2019,03,20,2019-03-20,36.9,27.1,1029.5,10.0,6.7,8.9,999.9,44.1,24.1,0.0,999.9,0,584
1,2019,09,09,2019-09-09,63.9,58.4,1023.2,9.8,4.5,8.9,999.9,72.0,57.0,0.0,999.9,0,603
6,2019,08,03,2019-08-03,70.3,66.6,1018.0,10.0,6.3,9.9,999.9,80.1,60.1,0.0,999.9,0,566
2,2019,07,02,2019-07-02,67.9,63.1,1009.0,10.0,9.1,14.0,999.9,75.0,62.1,0.0,999.9,0,591
2,2019,07,09,2019-07-09,69.0,61.7,1015.8,9.7,6.5,11.1,999.9,80.1,54.0,0.0,999.9,0,661
1,2019,09,16,2019-09-16,65.4,58.5,1016.8,9.6,7.4,14.0,999.9,75.0,57.0,0.0,999.9,0,620
3,2019,12,25,2019-12-25,35.6,28.9,1022.2,10.0,4.7,8.0,999.9,46.9,28.0,0.0,999.9,0,264
7,2019,01,27,2019-01-27,35.1,28.2,1021.8,9.9,7.8,17.1,999.9,44.1,21.0,0.0,999.9,0,445
7,2019,05,19,2019-05-19,52.0,47.3,1020.1,10.0,9.7,15.9,999.9,64.9,45.0,0.0,999.9,0,547
3,2019,09,11,2019-09-11,68.3,64.1,1022.3,10.0,10.2,15.0,999.9,73.9,57.9,0.0,999.9,0,624
3,2018,08,22,2018-08-22,68.1,67.4,1008.0,4.8,8.1,14.0,999.9,75.9,62.1,0.05,999.9,1,599
4,2018,09,13,2018-09-13,66.1,63.8,1024.7,6.3,8.4,13.0,999.9,79.0,63.0,0.0,999.9,1,718
7,2018,01,28,2018-01-28,43.4,43.2,1025.3,4.4,9.5,18.1,999.9,46.0,28.9,0.01,999.9,1,412
1,2018,07,16,2018-07-16,68.7,67.9,1015.6,2.6,4.7,8.9,999.9,75.0,61.0,0.0,999.9,1,719
5,2018,06,01,2018-06-01,58.6,58.4,1012.6,4.8,6.2,8.9,999.9,64.9,51.1,0.13,999.9,1,751
3,2018,10,03,2018-10-03,64.4,62.3,1017.0,7.7,9.4,19.0,999.9,71.1,59.0,0.71,999.9,0,778
1,2018,09,17,2018-09-17,65.6,62.6,1020.6,7.9,5.0,8.0,999.9,75.0,55.9,0.0,999.9,1,673
4,2018,10,04,2018-10-04,60.0,57.1,1017.6,9.6,5.7,13.0,999.9,69.1,55.9,0.04,999.9,0,717
5,2018,06,29,2018-06-29,68.0,66.0,1012.2,4.4,7.0,14.0,999.9,75.9,62.1,0.96,999.9,1,845
3,2018,08,01,2018-08-01,69.2,67.6,1020.7,7.5,8.6,14.0,999.9,73.9,64.0,0.0,999.9,1,660
3,2018,06,20,2018-06-20,62.8,58.8,1011.4,7.9,5.2,12.0,999.9,78.1,52.0,0.0,999.9,1,698
2,2018,08,07,2018-08-07,75.8,74.1,1015.6,6.7,9.7,15.0,999.9,82.0,71.1,0.0,999.9,0,658
6,2018,09,15,2018-09-15,65.9,61.0,1022.9,9.3,5.8,9.9,999.9,75.9,57.0,0.0,999.9,1,596
3,2018,12,05,2018-12-05,31.6,20.6,1017.3,10.0,7.0,15.0,999.9,46.9,24.1,0.0,999.9,0,652
3,2018,02,21,2018-02-21,45.9,45.9,1026.2,0.2,13.3,18.1,999.9,48.9,44.1,0.02,999.9,1,601
7,2018,08,26,2018-08-26,68.2,60.3,1021.4,10.0,5.4,11.1,999.9,77.0,57.0,0.0,999.9,0,528
1,2018,12,24,2018-12-24,35.2,29.1,1017.2,9.5,4.9,12.0,999.9,39.9,28.9,0.0,999.9,0,580
2,2018,07,31,2018-07-31,68.9,65.8,1020.4,8.4,4.9,8.0,999.9,80.1,64.0,0.0,999.9,1,709
6,2018,10,06,2018-10-06,55.5,46.3,1023.0,10.0,6.0,9.9,999.9,66.9,46.0,0.0,999.9,0,544
3,2018,07,11,2018-07-11,68.3,65.1,1012.8,9.3,8.9,17.1,999.9,73.9,63.0,0.0,999.9,0,627
1,2018,05,21,2018-05-21,60.9,51.0,1019.0,9.5,8.7,12.0,999.9,69.1,52.0,0.03,999.9,0,626
1,2018,08,27,2018-08-27,73.1,69.6,1017.3,9.1,8.7,12.0,999.9,84.0,62.1,0.0,999.9,0,651
5,2018,03,23,2018-03-23,37.5,31.9,1012.6,10.0,7.0,9.9,999.9,45.0,30.0,0.07,999.9,0,732
6,2018,06,30,2018-06-30,71.1,65.4,1015.8,10.0,5.9,8.9,999.9,82.0,62.1,0.0,999.9,0,651
2,2018,12,11,2018-12-11,32.0,22.9,1019.5,10.0,4.5,8.9,999.9,43.0,25.0,0.0,999.9,0,707
4,2018,07,12,2018-07-12,68.2,59.5,1019.9,10.0,6.8,11.1,999.9,77.0,60.1,0.0,999.9,0,642
7,2018,04,22,2018-04-22,46.3,33.1,1026.8,10.0,7.2,14.0,999.9,55.9,37.0,0.0,999.9,0,568
4,2018,12,20,2018-12-20,38.6,34.4,1020.2,9.6,5.0,7.0,999.9,48.0,21.0,0.0,999.9,0,806
4,2018,05,03,2018-05-03,54.0,48.6,1015.3,9.5,13.2,15.9,999.9,66.0,48.9,0.0,999.9,0,790
1,2018,07,09,2018-07-09,60.9,53.6,1023.2,10.0,6.7,12.0,999.9,73.9,50.0,0.0,999.9,0,672
2,2018,06,26,2018-06-26,60.7,55.3,1023.0,10.0,7.7,14.0,999.9,71.1,50.0,0.02,999.9,0,762
4,2020,06,18,2020-06-18,59.8,59.4,1023.3,3.7,4.8,8.9,999.9,71.1,53.1,0.0,999.9,1,226
7,2020,07,05,2020-07-05,63.1,61.0,1015.0,4.4,5.0,11.1,999.9,73.0,60.1,0.0,999.9,1,290
1,2020,07,13,2020-07-13,70.3,67.5,1008.7,4.9,8.0,11.1,999.9,77.0,68.0,0.0,999.9,1,290
7,2020,12,20,2020-12-20,38.5,33.2,1023.1,10.0,3.8,9.9,999.9,48.9,25.0,0.0,999.9,0,194
4,2020,09,24,2020-09-24,66.2,56.9,1013.2,10.0,8.2,12.0,999.9,75.9,55.0,0.0,999.9,0,297
6,2019,05,04,2019-05-04,51.3,50.5,1012.8,4.3,6.4,13.0,999.9,60.1,44.1,0.08,999.9,1,553
4,2019,08,01,2019-08-01,74.3,70.3,1017.3,5.9,6.0,9.9,999.9,82.9,68.0,0.0,999.9,1,618
4,2019,05,02,2019-05-02,49.4,46.5,1022.4,8.2,10.6,14.0,999.9,55.9,39.9,0.01,999.9,1,668
2,2019,08,13,2019-08-13,71.2,68.7,1011.2,7.9,8.4,12.0,999.9,78.1,66.0,99.99,999.9,0,469
2,2019,01,29,2019-01-29,33.8,23.7,1016.7,10.0,9.6,14.0,999.9,42.1,30.0,0.0,999.9,0,681
7,2019,09,22,2019-09-22,64.6,62.1,1021.0,6.4,6.5,11.1,999.9,78.1,57.0,0.0,999.9,1,515
2,2019,11,05,2019-11-05,56.6,50.5,1025.2,9.6,11.5,15.0,999.9,62.1,42.1,0.01,999.9,0,440
3,2019,04,24,2019-04-24,51.5,47.2,1007.2,8.0,9.8,15.0,999.9,66.0,44.1,0.03,999.9,0,515
7,2019,10,20,2019-10-20,49.3,44.1,1018.2,10.0,3.9,9.9,999.9,59.0,39.0,0.0,999.9,0,500
6,2019,06,29,2019-06-29,65.8,63.5,1017.4,7.9,7.6,14.0,999.9,80.1,57.9,0.0,999.9,1,660
7,2019,03,03,2019-03-03,34.5,29.2,1018.5,10.0,5.7,15.9,999.9,42.1,26.1,0.73,999.9,0,503
7,2019,06,30,2019-06-30,69.3,63.3,1006.0,8.3,9.4,15.0,999.9,77.0,61.0,0.0,999.9,0,569
7,2019,08,04,2019-08-04,73.3,70.4,1012.6,9.9,7.9,11.1,999.9,78.1,60.1,0.0,999.9,0,499
2,2019,10,29,2019-10-29,55.1,49.4,1026.8,9.9,7.7,9.9,999.9,60.1,52.0,0.0,999.9,0,639
6,2019,09,28,2019-09-28,63.8,59.3,1020.9,10.0,8.2,12.0,999.9,70.0,54.0,0.0,999.9,0,532
7,2019,07,21,2019-07-21,76.7,72.4,1007.5,6.7,10.7,13.0,999.9,87.1,70.0,0.0,999.9,0,477
6,2019,06,15,2019-06-15,62.7,55.1,1018.0,10.0,11.3,17.1,999.9,70.0,57.0,0.0,999.9,0,620
3,2019,03,13,2019-03-13,34.5,22.8,1026.0,10.0,6.7,11.1,999.9,44.1,26.1,0.0,999.9,0,562
3,2019,08,07,2019-08-07,70.2,66.6,1012.0,10.0,7.2,13.0,999.9,78.1,61.0,0.0,999.9,0,608
1,2019,07,29,2019-07-29,72.8,69.7,1015.9,8.9,9.3,13.0,999.9,80.1,59.0,0.0,999.9,0,649
5,2019,06,07,2019-06-07,59.8,55.3,1012.6,9.8,4.8,8.9,999.9,72.0,51.1,0.22,999.9,0,734
3,2019,05,01,2019-05-01,46.9,39.2,1030.0,10.0,4.7,8.9,999.9,55.0,39.9,0.0,999.9,0,599
1,2019,10,07,2019-10-07,66.9,61.7,1023.9,10.0,12.9,15.9,999.9,71.1,64.9,0.0,999.9,0,575
2,2019,01,15,2019-01-15,29.4,18.7,1017.5,10.0,7.4,13.0,999.9,35.1,21.9,0.0,999.9,0,618
7,2019,12,29,2019-12-29,38.4,30.4,1021.7,10.0,6.8,11.1,999.9,48.0,30.9,0.0,999.9,0,384
1,2019,12,23,2019-12-23,44.3,38.3,1017.8,7.5,11.4,15.9,999.9,50.0,37.9,0.0,999.9,0,593
4,2019,10,24,2019-10-24,55.5,45.3,1023.6,10.0,6.7,11.1,999.9,68.0,43.0,0.24,999.9,0,613
1,2019,07,15,2019-07-15,73.1,63.0,1015.0,10.0,9.1,14.0,999.9,79.0,66.9,0.0,999.9,0,637
6,2019,07,27,2019-07-27,67.1,58.1,1025.2,10.0,4.9,8.9,999.9,75.9,55.9,0.0,999.9,0,602
6,2019,02,23,2019-02-23,34.8,27.7,1030.2,10.0,4.9,8.9,999.9,43.0,30.0,0.0,999.9,0,439
1,2019,08,12,2019-08-12,71.2,63.9,1014.3,10.0,9.3,14.0,999.9,78.1,63.0,0.0,999.9,0,586
7,2019,09,01,2019-09-01,63.8,56.6,1026.5,10.0,6.9,9.9,999.9,79.0,55.9,0.0,999.9,0,473
7,2020,09,06,2020-09-06,67.3,60.5,1022.3,10.0,6.9,12.0,999.9,75.9,59.0,0.0,999.9,0,293
4,2020,07,23,2020-07-23,74.1,70.9,1016.5,5.7,9.4,14.0,999.9,82.0,64.9,0.0,999.9,1,332
4,2020,09,10,2020-09-10,70.8,69.5,1025.1,0.8,4.4,7.0,999.9,77.0,66.9,0.0,999.9,1,347
5,2020,12,11,2020-12-11,41.5,35.7,1022.4,10.0,5.8,12.0,999.9,54.0,27.0,0.0,999.9,0,348
3,2020,07,22,2020-07-22,72.7,68.1,1017.6,7.8,4.6,11.1,999.9,88.0,64.9,0.0,999.9,1,290
6,2020,01,04,2020-01-04,45.4,43.9,1005.6,3.6,5.7,9.9,999.9,48.9,44.1,0.08,999.9,1,353
7,2020,05,17,2020-05-17,49.4,42.9,1025.8,10.0,7.0,11.1,999.9,54.0,41.0,0.0,999.9,0,171
4,2020,06,25,2020-06-25,67.8,62.5,1013.3,9.1,7.5,13.0,999.9,77.0,61.0,0.0,999.9,0,250
6,2020,08,08,2020-08-08,69.7,66.4,1020.6,5.1,6.1,8.9,999.9,75.9,63.0,0.0,999.9,1,260
1,2020,05,18,2020-05-18,52.5,45.9,1022.7,10.0,5.7,9.9,999.9,61.0,41.0,0.0,999.9,0,185
7,2020,09,27,2020-09-27,66.7,63.0,1017.6,9.2,7.2,11.1,999.9,73.0,61.0,0.0,999.9,1,315
1,2020,02,17,2020-02-17,38.5,29.4,1021.6,10.0,7.2,14.0,999.9,48.0,30.9,0.0,999.9,0,339
6,2020,06,13,2020-06-13,62.5,53.1,1019.9,7.3,8.5,14.0,999.9,70.0,53.1,0.04,999.9,1,282
1,2020,07,20,2020-07-20,71.0,69.4,1011.6,2.1,9.5,13.0,999.9,75.9,66.9,99.99,999.9,1,281
5,2020,07,31,2020-07-31,73.7,70.8,1009.8,6.3,5.1,12.0,999.9,80.1,71.1,99.99,999.9,1,343
6,2020,12,12,2020-12-12,52.1,50.0,1021.2,8.6,7.0,14.0,999.9,57.9,48.0,0.0,999.9,1,285
5,2020,06,26,2020-06-26,66.7,61.7,1014.8,9.6,7.8,12.0,999.9,77.0,61.0,0.0,999.9,0,337
3,2020,09,16,2020-09-16,58.8,51.3,1024.7,10.0,6.5,13.0,999.9,69.1,46.0,0.0,999.9,0,307
4,2020,11,26,2020-11-26,55.7,53.3,1020.9,7.0,10.2,15.9,999.9,57.9,52.0,0.0,999.9,0,203
7,2020,08,23,2020-08-23,72.3,68.9,1017.0,8.1,7.0,11.1,999.9,81.0,66.0,0.0,999.9,1,316
1,2020,12,21,2020-12-21,42.3,39.9,1010.9,8.2,7.9,13.0,999.9,48.9,26.1,0.28,999.9,0,268
2,2020,04,07,2020-04-07,49.0,34.1,1011.6,10.0,10.1,15.0,999.9,57.9,41.0,0.0,999.9,0,130
4,2020,01,30,2020-01-30,31.6,19.4,1023.4,10.0,9.4,15.0,999.9,37.0,21.9,0.0,999.9,0,525
5,2020,06,05,2020-06-05,60.4,58.9,1013.8,3.9,7.4,11.1,999.9,73.9,59.0,0.0,999.9,1,248
4,2020,09,03,2020-09-03,70.5,69.3,1009.3,2.1,7.6,12.0,999.9,73.0,64.9,0.43,999.9,1,363
4,2020,08,13,2020-08-13,77.0,72.0,1018.3,4.1,6.8,13.0,999.9,86.0,71.1,0.0,999.9,1,275
7,2020,07,19,2020-07-19,69.1,67.5,1015.1,0.8,8.4,12.0,999.9,72.0,66.2,0.0,999.9,1,313
6,2020,11,28,2020-11-28,50.6,44.4,1013.2,8.7,4.3,8.9,999.9,62.1,43.0,0.0,999.9,1,239
7,2017,08,13,2017-08-13,71.0,69.3,1012.4,6.1,8.3,14.0,999.9,80.1,62.1,1.24,999.9,1,563
5,2017,09,15,2017-09-15,67.9,67.7,1016.3,6.7,6.3,11.1,999.9,73.9,64.0,0.02,999.9,1,827
5,2017,11,03,2017-11-03,58.7,58.5,1019.3,3.4,7.7,13.0,999.9,66.0,52.0,0.0,999.9,1,776
5,2017,01,06,2017-01-06,31.7,25.8,1015.2,6.1,8.9,13.0,999.9,41.0,28.9,0.03,999.9,1,600
6,2017,08,12,2017-08-12,65.9,65.8,1016.4,4.2,5.8,12.0,999.9,77.0,60.1,0.07,999.9,1,526
4,2017,04,27,2017-04-27,52.9,50.7,1011.6,3.0,5.3,12.0,999.9,63.0,48.0,0.06,999.9,1,688
7,2017,08,20,2017-08-20,72.8,68.1,1014.2,6.3,9.7,14.0,999.9,80.1,66.9,1.01,999.9,1,538
5,2017,02,24,2017-02-24,47.5,44.3,1015.0,6.9,10.0,15.9,999.9,54.0,39.9,0.0,999.9,1,657
4,2017,06,08,2017-06-08,52.7,45.2,1016.5,9.2,5.5,12.0,999.9,63.0,39.9,0.01,999.9,0,660
1,2017,08,21,2017-08-21,69.9,65.6,1020.4,9.8,5.9,9.9,999.9,81.0,61.0,0.0,999.9,0,627
7,2017,10,22,2017-10-22,60.6,59.2,1028.8,10.0,6.9,8.9,999.9,66.9,46.9,0.0,999.9,0,528
6,2017,08,05,2017-08-05,67.7,67.2,1014.1,2.5,7.9,11.1,999.9,75.9,64.0,0.0,999.9,1,573
3,2017,07,26,2017-07-26,63.6,58.0,1022.4,10.0,7.4,13.0,999.9,72.0,55.0,0.0,999.9,0,635
1,2017,04,03,2017-04-03,43.0,31.7,1018.0,10.0,6.9,13.0,999.9,54.0,32.0,0.0,999.9,0,646
1,2017,07,31,2017-07-31,63.9,57.3,1017.8,10.0,4.2,8.9,999.9,73.9,50.0,0.0,999.9,0,656
1,2017,04,10,2017-04-10,46.9,39.6,1023.2,10.0,10.2,15.9,999.9,55.0,39.9,0.0,999.9,0,634
5,2017,07,21,2017-07-21,75.6,69.6,1010.4,5.7,7.8,13.0,999.9,84.9,69.1,0.0,999.9,1,733
1,2017,08,14,2017-08-14,67.7,65.2,1016.4,6.1,4.3,8.0,999.9,80.1,61.0,0.0,999.9,1,602
1,2017,06,26,2017-06-26,66.7,59.2,1015.0,9.8,7.8,13.0,999.9,79.0,59.0,0.0,999.9,0,669
7,2020,02,23,2020-02-23,39.9,33.7,1021.4,9.8,9.1,12.0,999.9,48.0,30.0,0.0,999.9,0,392
6,2020,06,20,2020-06-20,64.8,61.5,1018.1,6.6,9.1,15.0,999.9,73.9,60.1,0.0,999.9,1,246
7,2020,11,29,2020-11-29,47.4,35.5,1018.8,10.0,8.5,14.0,999.9,55.0,37.9,0.0,999.9,0,248
5,2020,05,15,2020-05-15,54.1,50.2,1016.4,8.6,9.5,14.0,999.9,62.1,39.9,0.16,999.9,0,242
4,2020,07,30,2020-07-30,74.4,72.0,1011.7,3.7,7.1,13.0,999.9,82.9,70.0,0.0,999.9,1,300
4,2020,08,06,2020-08-06,74.1,61.4,1019.4,6.4,6.7,11.1,999.9,84.9,66.0,0.0,999.9,1,356
3,2020,06,17,2020-06-17,61.2,53.9,1025.2,10.0,8.3,12.0,999.9,71.1,52.0,0.0,999.9,0,244
3,2020,04,29,2020-04-29,46.9,35.8,1024.6,10.0,8.3,12.0,999.9,55.0,37.0,0.02,999.9,0,137
5,2020,01,03,2020-01-03,45.8,42.9,1010.3,7.0,10.3,15.0,999.9,46.9,33.1,0.0,999.9,0,456
2,2020,05,26,2020-05-26,58.2,56.0,1022.9,5.8,4.6,8.0,999.9,69.1,50.0,0.0,999.9,1,224
6,2020,06,27,2020-06-27,66.6,63.7,1011.2,6.8,7.2,13.0,999.9,73.0,62.1,0.0,999.9,0,273
3,2020,07,29,2020-07-29,75.3,67.6,1012.7,7.5,6.3,11.1,999.9,82.9,72.0,99.99,999.9,0,318
5,2020,06,19,2020-06-19,63.9,61.5,1020.5,3.5,7.7,12.0,999.9,73.0,54.0,0.0,999.9,1,306
7,2020,08,02,2020-08-02,71.9,66.9,1016.4,8.9,8.4,15.0,999.9,82.9,62.1,0.0,999.9,1,286
2,2020,11,10,2020-11-10,57.2,54.5,1022.8,5.7,8.2,13.0,999.9,68.0,46.9,0.0,999.9,1,343
7,2020,11,08,2020-11-08,58.8,51.0,1025.7,8.5,4.7,9.9,999.9,71.1,48.9,0.0,999.9,0,326
3,2020,06,24,2020-06-24,66.4,64.3,1007.8,1.5,9.8,13.0,999.9,71.1,59.0,0.0,999.9,1,300
5,2020,11,06,2020-11-06,59.5,57.3,1025.9,7.6,9.7,15.0,999.9,64.9,55.9,0.02,999.9,1,365
6,2020,07,18,2020-07-18,70.2,67.9,1017.6,3.2,6.2,9.9,999.9,75.9,55.0,0.0,999.9,1,316
5,2020,01,31,2020-01-31,29.8,22.3,1027.4,10.0,3.3,8.9,999.9,39.9,19.0,0.0,999.9,0,518
1,2020,10,19,2020-10-19,55.6,48.9,1028.1,10.0,5.0,8.0,999.9,63.0,48.0,0.0,999.9,0,276
1,2020,06,29,2020-06-29,67.1,64.7,1008.0,5.5,5.5,14.0,999.9,73.9,64.9,0.39,999.9,1,301
2,2020,06,09,2020-06-09,61.9,55.5,1013.6,10.0,6.5,8.9,999.9,73.0,55.0,0.0,999.9,0,251
4,2020,07,02,2020-07-02,68.2,64.4,1009.2,7.8,7.7,13.0,999.9,75.0,60.1,0.0,999.9,1,340
4,2020,03,12,2020-03-12,40.6,35.3,1022.1,9.1,7.5,13.0,999.9,51.1,30.9,0.0,999.9,0,456
7,2020,04,05,2020-04-05,41.8,36.3,1017.5,10.0,6.0,8.9,999.9,50.0,35.1,0.01,999.9,0,94
2,2020,02,11,2020-02-11,44.1,42.8,1017.5,3.1,6.0,9.9,999.9,48.9,41.0,0.31,999.9,1,458
5,2018,06,22,2018-06-22,61.1,56.4,1016.4,5.5,7.2,13.0,999.9,69.1,55.9,0.11,999.9,1,728
6,2018,04,28,2018-04-28,49.5,48.3,1010.7,5.1,6.3,9.9,999.9,60.1,39.9,0.13,999.9,1,604
5,2018,07,27,2018-07-27,70.6,70.1,1015.8,2.1,7.8,13.0,999.9,75.9,68.0,0.0,999.9,1,753
1,2018,08,13,2018-08-13,69.1,68.1,1016.9,7.7,6.2,9.9,999.9,75.9,64.9,0.05,999.9,1,617
4,2018,07,05,2018-07-05,71.7,71.0,1025.4,1.6,6.2,11.1,999.9,81.0,66.9,0.0,999.9,1,720
4,2018,08,09,2018-08-09,74.9,73.5,1008.0,3.6,9.2,14.0,999.9,82.9,70.0,0.0,999.9,1,709
1,2018,05,14,2018-05-14,50.5,49.6,1016.9,6.4,5.5,9.9,999.9,57.0,48.0,0.0,999.9,1,689
7,2018,07,29,2018-07-29,72.9,69.1,1016.8,6.5,6.3,14.0,999.9,80.1,66.9,0.06,999.9,1,463
1,2018,04,02,2018-04-02,37.7,31.2,1018.7,8.1,8.4,14.0,999.9,50.0,33.1,0.01,999.9,1,562
5,2018,09,14,2018-09-14,64.9,60.7,1024.2,9.2,7.1,12.0,999.9,73.9,59.0,0.01,999.9,1,684
2,2018,10,02,2018-10-02,64.7,62.1,1022.8,9.5,6.6,11.1,999.9,71.1,52.0,0.0,999.9,0,613
1,2018,11,19,2018-11-19,46.7,41.0,1021.0,10.0,5.0,8.9,999.9,54.0,37.9,0.0,999.9,0,697
2,2018,08,14,2018-08-14,72.8,71.4,1013.0,4.5,6.9,11.1,999.9,80.1,64.9,0.0,999.9,1,701
1,2018,02,26,2018-02-26,42.1,40.1,1016.7,6.5,10.7,15.0,999.9,46.9,39.0,0.72,999.9,1,557
7,2018,08,12,2018-08-12,70.9,69.7,1017.6,7.8,7.3,11.1,999.9,75.9,64.0,0.01,999.9,0,499
1,2018,01,22,2018-01-22,36.4,35.9,1023.6,7.6,4.0,11.1,999.9,48.9,27.0,0.0,999.9,0,559
3,2018,06,06,2018-06-06,54.8,50.8,1008.9,9.7,9.6,15.0,999.9,61.0,50.0,0.0,999.9,0,651
5,2018,04,27,2018-04-27,48.8,46.9,1011.9,7.8,9.2,22.0,999.9,55.9,39.9,0.03,999.9,1,690
6,2018,12,01,2018-12-01,38.3,31.9,1020.3,9.9,5.7,8.9,999.9,44.1,33.1,0.0,999.9,0,601
3,2018,03,28,2018-03-28,40.4,32.9,1018.5,10.0,10.1,14.0,999.9,48.0,30.9,0.0,999.9,0,629
7,2018,09,30,2018-09-30,61.0,53.5,1025.6,9.7,4.7,8.9,999.9,72.0,51.1,0.0,999.9,1,510
5,2018,06,15,2018-06-15,59.0,54.0,1011.3,9.3,6.2,12.0,999.9,71.1,54.0,0.0,999.9,0,728
4,2018,02,15,2018-02-15,40.8,40.8,1013.7,2.2,9.7,15.0,999.9,44.1,30.9,0.35,999.9,1,645
6,2018,02,10,2018-02-10,41.6,39.0,1028.8,9.0,11.3,15.0,999.9,48.0,21.9,0.0,999.9,0,549
7,2018,01,21,2018-01-21,39.7,31.7,1018.2,10.0,7.2,12.0,999.9,48.9,28.0,0.0,999.9,0,418
1,2018,07,30,2018-07-30,71.3,66.7,1020.4,9.9,5.8,8.0,999.9,80.1,64.9,0.0,999.9,0,580
5,2018,08,10,2018-08-10,76.9,68.4,1010.2,9.6,6.4,9.9,999.9,86.0,68.0,0.04,999.9,0,707
1,2018,12,10,2018-12-10,35.5,23.8,1018.4,10.0,10.1,18.1,999.9,43.0,25.0,0.0,999.9,0,651
6,2018,07,14,2018-07-14,64.9,59.5,1021.4,10.0,4.7,9.9,999.9,73.9,54.0,0.0,999.9,0,577
4,2018,03,01,2018-03-01,46.7,41.0,1011.2,10.0,8.5,14.0,999.9,60.1,39.0,0.0,999.9,0,619
4,2018,01,11,2018-01-11,38.5,38.0,1030.1,10.0,8.6,12.0,999.9,45.0,21.9,0.0,999.9,0,696
2,2017,08,15,2017-08-15,67.8,66.8,1014.6,4.3,4.0,8.9,999.9,79.0,61.0,0.0,999.9,1,577
6,2017,09,16,2017-09-16,66.8,65.5,1020.8,4.6,2.8,8.0,999.9,75.9,61.0,0.0,999.9,1,623
1,2017,09,25,2017-09-25,64.2,63.7,1017.8,2.8,4.2,8.0,999.9,73.0,59.0,0.0,999.9,1,726
3,2017,09,27,2017-09-27,68.7,68.6,1014.0,1.5,4.7,9.9,999.9,77.0,62.1,0.0,999.9,1,696
4,2017,07,20,2017-07-20,74.7,70.6,1013.9,5.3,7.7,12.0,999.9,84.9,66.9,0.0,999.9,1,774
1,2017,10,23,2017-10-23,59.5,58.7,1026.8,6.5,7.2,12.0,999.9,68.0,52.0,0.0,999.9,1,669
3,2017,08,09,2017-08-09,67.1,63.5,1021.1,8.2,6.5,11.1,999.9,75.0,59.0,0.81,999.9,1,655
1,2017,12,04,2017-12-04,40.9,35.1,1028.5,10.0,7.7,13.0,999.9,48.9,33.1,0.0,999.9,0,684
2,2017,01,10,2017-01-10,35.6,26.3,1037.4,10.0,13.6,20.0,999.9,42.1,15.1,0.0,999.9,0,597
5,2017,12,22,2017-12-22,32.7,24.3,1026.3,9.7,6.7,15.0,999.9,41.0,24.1,0.0,999.9,0,720
6,2017,11,25,2017-11-25,50.1,47.2,1010.6,10.0,7.8,9.9,999.9,55.9,34.0,0.0,999.9,0,456
2,2017,05,09,2017-05-09,48.3,34.9,1014.8,10.0,6.2,8.9,999.9,55.0,39.9,0.0,999.9,0,651
6,2017,02,18,2017-02-18,37.0,26.6,1008.7,9.8,10.4,17.1,999.9,46.9,24.1,0.0,999.9,0,570
5,2017,08,25,2017-08-25,66.4,60.0,1016.2,10.0,5.5,13.0,999.9,79.0,57.9,0.0,999.9,0,633
3,2017,10,04,2017-10-04,59.3,56.1,1029.6,10.0,12.4,19.0,999.9,66.0,46.0,0.0,999.9,0,711
4,2017,06,29,2017-06-29,65.6,62.6,1020.7,9.9,11.5,15.0,999.9,71.1,59.0,0.0,999.9,0,767
4,2017,08,24,2017-08-24,70.0,60.2,1011.9,10.0,5.6,11.1,999.9,79.0,63.0,0.0,999.9,0,631
3,2017,07,12,2017-07-12,70.8,70.2,1015.2,1.8,7.3,11.1,999.9,77.0,64.9,0.0,999.9,1,677
2,2017,08,22,2017-08-22,70.5,69.8,1017.4,6.4,10.6,15.0,999.9,81.0,61.0,0.0,999.9,0,684
1,2017,09,18,2017-09-18,65.7,65.5,1020.5,3.4,7.6,13.0,999.9,73.0,60.1,0.0,999.9,1,672
3,2017,02,22,2017-02-22,40.6,35.2,1018.0,9.7,7.8,12.0,999.9,46.9,32.0,0.0,999.9,0,477
6,2017,08,26,2017-08-26,64.1,56.8,1023.0,9.9,3.7,8.9,999.9,73.9,54.0,0.0,999.9,0,570
7,2017,05,07,2017-05-07,52.5,48.9,1004.6,7.1,10.6,15.0,999.9,57.9,50.0,0.37,999.9,1,514
6,2017,06,03,2017-06-03,56.9,47.9,1012.4,10.0,8.2,14.0,999.9,66.0,43.0,0.0,999.9,0,637
7,2017,10,01,2017-10-01,55.5,46.8,1025.7,10.0,7.9,11.1,999.9,63.0,48.0,0.08,999.9,0,571
5,2017,04,14,2017-04-14,47.5,34.1,1027.8,10.0,5.0,8.9,999.9,57.9,37.9,0.0,999.9,0,515
2,2017,07,04,2017-07-04,72.0,61.5,1016.5,9.8,5.8,9.9,999.9,82.0,61.0,0.0,999.9,0,424
4,2020,10,15,2020-10-15,63.5,58.3,1019.0,10.0,10.4,14.0,999.9,66.0,57.0,0.0,999.9,1,311
4,2020,10,22,2020-10-22,65.0,60.6,1024.0,5.3,5.0,11.1,999.9,72.0,57.0,0.0,999.9,1,264
5,2020,11,27,2020-11-27,54.0,50.8,1016.0,5.4,4.4,12.0,999.9,62.1,43.0,0.48,999.9,1,279
2,2020,06,02,2020-06-02,57.1,46.6,1016.0,10.0,7.6,11.1,999.9,62.1,48.9,0.0,999.9,0,197
2,2020,01,21,2020-01-21,27.8,15.2,1026.8,10.0,11.5,15.9,999.9,34.0,21.9,0.0,999.9,0,556
4,2020,09,17,2020-09-17,68.5,63.7,1018.3,10.0,7.5,9.9,999.9,73.0,64.9,0.0,999.9,0,322
6,2020,02,01,2020-02-01,39.7,35.2,1015.9,9.9,7.2,12.0,999.9,44.1,37.0,0.04,999.9,0,409
3,2020,09,09,2020-09-09,69.3,67.3,1025.0,4.3,4.2,8.0,999.9,77.0,57.9,0.0,999.9,1,292
6,2020,09,26,2020-09-26,63.6,60.9,1020.5,4.5,4.9,8.9,999.9,73.0,59.0,0.0,999.9,1,330
5,2020,07,17,2020-07-17,62.6,59.0,1023.0,9.9,7.5,12.0,999.9,71.1,55.0,0.0,999.9,0,308
2,2020,10,20,2020-10-20,59.7,57.6,1025.5,8.0,7.2,9.9,999.9,64.0,54.0,0.0,999.9,1,336
3,2020,04,08,2020-04-08,46.5,43.0,1002.5,9.6,6.4,14.0,999.9,57.9,43.0,0.06,999.9,0,125
7,2020,09,13,2020-09-13,64.2,57.9,1022.2,10.0,8.6,15.0,999.9,72.0,59.0,0.0,999.9,0,245
2,2020,08,11,2020-08-11,75.4,71.9,1016.1,7.8,9.1,12.0,999.9,81.0,70.0,0.0,999.9,0,317
6,2020,06,06,2020-06-06,61.2,59.5,1010.2,1.6,9.3,13.0,999.9,64.9,59.0,0.45,999.9,1,262
4,2020,05,28,2020-05-28,60.2,57.5,1024.0,6.6,8.4,13.0,999.9,66.9,53.1,0.01,999.9,1,209
7,2020,05,03,2020-05-03,51.3,45.8,1009.7,9.3,10.3,15.9,999.9,61.0,46.9,0.04,999.9,0,167
4,2020,05,21,2020-05-21,48.3,42.3,1029.6,9.6,6.3,13.0,999.9,57.0,36.0,0.0,999.9,0,212
1,2020,08,24,2020-08-24,71.7,70.0,1016.1,2.3,5.9,8.9,999.9,80.1,66.0,0.0,999.9,1,320
4,2020,08,27,2020-08-27,66.9,53.6,1008.8,9.9,6.4,11.1,999.9,73.0,63.0,0.0,999.9,0,343
1,2020,02,24,2020-02-24,41.1,36.7,1018.9,8.9,7.7,11.1,999.9,50.0,28.9,0.0,999.9,1,493
3,2020,11,11,2020-11-11,61.4,58.9,1020.2,9.0,10.4,12.0,999.9,66.0,51.1,0.0,999.9,0,300
5,2020,03,27,2020-03-27,47.6,36.5,1009.0,9.7,11.3,18.1,999.9,59.0,35.1,0.02,999.9,0,195
6,2020,10,24,2020-10-24,60.9,54.9,1012.7,10.0,6.0,12.0,999.9,64.0,57.0,0.0,999.9,0,301
3,2020,11,04,2020-11-04,46.4,32.9,1031.6,10.0,7.9,13.0,999.9,55.0,37.0,0.0,999.9,0,302
7,2020,08,09,2020-08-09,71.5,66.9,1019.9,9.3,7.0,12.0,999.9,78.1,64.9,0.0,999.9,0,283
5,2020,09,04,2020-09-04,72.8,68.3,1009.8,8.3,7.4,12.0,999.9,81.0,66.9,0.31,999.9,1,383
5,2020,08,21,2020-08-21,69.1,63.5,1015.1,10.0,8.7,15.0,999.9,77.0,61.0,0.0,999.9,0,348
6,2020,04,25,2020-04-25,47.7,36.3,1015.2,10.0,7.8,15.0,999.9,59.0,39.9,0.48,999.9,0,152
6,2020,07,04,2020-07-04,66.1,63.5,1012.1,5.1,8.9,13.0,999.9,77.0,60.1,0.0,999.9,1,278
4,2020,07,09,2020-07-09,70.9,67.4,1016.6,8.2,7.7,11.1,999.9,78.1,64.9,0.0,999.9,0,313
6,2020,03,28,2020-03-28,42.3,33.0,1020.4,9.9,5.8,9.9,999.9,59.0,30.0,0.0,999.9,0,183
1,2020,09,07,2020-09-07,67.1,58.6,1021.3,10.0,8.2,14.0,999.9,75.0,59.0,0.0,999.9,0,295
2,2020,06,30,2020-06-30,66.3,62.4,1011.4,7.9,5.6,11.1,999.9,73.9,62.1,0.13,999.9,0,278
2,2020,01,14,2020-01-14,41.5,37.7,1026.2,8.8,5.3,8.9,999.9,44.1,37.9,0.0,999.9,0,497
1,2020,08,10,2020-08-10,74.3,70.7,1017.3,9.8,9.6,15.0,999.9,80.1,64.9,0.0,999.9,0,320
7,2020,10,04,2020-10-04,61.0,51.5,1024.2,10.0,7.0,11.1,999.9,66.0,52.0,0.0,999.9,0,269
3,2020,11,25,2020-11-25,45.1,35.1,1029.5,10.0,9.7,18.1,999.9,55.9,30.0,0.0,999.9,0,276
1,2020,01,13,2020-01-13,42.5,37.0,1029.6,9.5,9.2,13.0,999.9,57.0,39.9,0.01,999.9,0,476
5,2020,01,24,2020-01-24,37.3,33.7,1028.5,6.5,3.3,8.0,999.9,46.0,19.9,0.0,999.9,1,524
6,2020,11,21,2020-11-21,57.7,48.4,1024.7,9.3,10.3,18.1,999.9,64.9,51.1,0.0,999.9,0,314
5,2020,08,14,2020-08-14,74.6,64.8,1016.8,9.7,6.1,15.0,999.9,86.0,69.1,0.0,999.9,0,344
3,2020,03,18,2020-03-18,43.9,34.2,1028.4,10.0,8.3,11.1,999.9,52.0,36.0,0.49,999.9,0,298
4,2020,02,13,2020-02-13,41.3,38.0,1010.6,7.0,7.9,17.1,999.9,45.0,37.0,0.45,999.9,0,504
3,2020,07,08,2020-07-08,68.1,63.9,1018.2,9.9,9.8,13.0,999.9,73.9,55.9,0.0,999.9,0,267
5,2020,05,22,2020-05-22,57.0,52.1,1022.0,10.0,12.0,15.9,999.9,64.0,51.1,0.0,999.9,0,264
7,2020,02,02,2020-02-02,38.5,33.0,1000.4,9.3,7.9,12.0,999.9,42.1,35.6,0.0,999.9,0,391
3,2020,10,21,2020-10-21,64.9,63.1,1025.0,4.7,5.2,8.0,999.9,68.0,63.0,0.03,999.9,1,338
4,2020,10,01,2020-10-01,66.4,62.2,1013.7,9.7,9.8,17.1,999.9,70.0,61.0,0.02,999.9,0,332
5,2020,06,12,2020-06-12,63.1,61.3,1018.6,3.2,7.9,13.0,999.9,70.0,59.0,0.04,999.9,1,277
1,2020,06,22,2020-06-22,68.6,63.4,1014.7,9.7,3.9,8.0,999.9,75.9,62.1,0.0,999.9,0,295
3,2020,06,10,2020-06-10,60.3,56.9,1016.5,7.0,7.5,12.0,999.9,72.0,55.9,0.0,999.9,1,238
4,2020,11,05,2020-11-05,59.0,54.7,1031.2,9.8,10.3,13.0,999.9,64.9,54.0,0.0,999.9,0,357
2,2020,02,04,2020-02-04,42.2,39.4,1010.2,9.2,7.6,14.0,999.9,48.0,32.0,0.0,999.9,1,464
2,2020,07,14,2020-07-14,72.0,68.0,1011.3,6.2,7.9,15.0,999.9,79.0,66.9,0.0,999.9,1,320
3,2020,07,01,2020-07-01,64.4,61.5,1011.7,6.0,4.7,9.9,999.9,73.0,60.1,0.0,999.9,1,259
2,2020,02,25,2020-02-25,44.0,41.8,1014.5,5.6,5.4,8.9,999.9,50.0,28.9,0.05,999.9,1,527
6,2020,08,22,2020-08-22,72.3,67.6,1013.3,9.7,8.3,12.0,999.9,81.0,61.0,0.0,999.9,0,328
2,2020,07,28,2020-07-28,76.5,72.1,1008.0,6.6,10.9,14.0,999.9,84.9,72.0,0.0,999.9,0,298
2,2018,07,03,2018-07-03,66.9,66.2,1021.5,2.9,6.2,11.1,999.9,73.9,61.0,0.0,999.9,1,678
2,2018,05,08,2018-05-08,48.4,46.3,1024.3,4.9,6.9,11.1,999.9,60.1,39.0,0.0,999.9,1,736
2,2018,07,24,2018-07-24,69.2,68.1,1025.8,5.7,9.8,12.0,999.9,75.0,66.0,0.0,999.9,1,654
7,2018,06,24,2018-06-24,62.7,61.5,1010.4,3.7,5.9,11.1,999.9,68.0,57.0,1.03,999.9,1,553
7,2018,10,07,2018-10-07,64.4,59.6,1022.3,8.0,8.6,13.0,999.9,69.1,46.0,0.0,999.9,0,529
5,2018,08,03,2018-08-03,73.7,72.6,1022.1,4.6,9.2,13.0,999.9,79.0,71.1,0.0,999.9,1,749
3,2018,05,30,2018-05-30,59.2,54.2,1021.3,6.4,7.5,14.0,999.9,77.0,50.0,0.0,999.9,1,708
7,2018,09,16,2018-09-16,63.9,59.5,1023.1,6.8,3.7,8.0,999.9,75.9,54.0,0.0,999.9,1,597
3,2018,02,14,2018-02-14,36.9,34.0,1030.5,8.5,8.7,14.0,999.9,44.1,28.0,0.0,999.9,0,671
3,2018,04,11,2018-04-11,37.9,33.0,1021.0,10.0,6.5,9.9,999.9,44.1,30.0,0.0,999.9,0,612
7,2018,05,06,2018-05-06,52.5,49.7,1018.6,8.1,6.9,11.1,999.9,66.0,48.9,0.0,999.9,1,495
2,2018,10,09,2018-10-09,63.1,59.0,1027.5,10.0,8.6,11.1,999.9,70.0,57.0,0.0,999.9,0,628
1,2018,09,03,2018-09-03,69.9,69.1,1024.3,9.2,8.4,14.0,999.9,79.0,59.0,0.0,999.9,0,533
6,2018,08,11,2018-08-11,68.8,66.2,1015.2,9.0,5.8,11.1,999.9,86.0,64.0,0.0,999.9,0,568
4,2018,04,12,2018-04-12,42.8,38.5,1019.4,10.0,9.8,14.0,999.9,50.0,28.9,0.0,999.9,0,610
6,2018,06,16,2018-06-16,62.8,56.0,1014.9,9.3,8.2,12.0,999.9,75.0,51.1,0.01,999.9,0,677
2,2018,04,10,2018-04-10,37.7,31.7,1021.9,9.1,6.5,11.1,999.9,42.1,30.9,0.0,999.9,0,668
4,2018,11,01,2018-11-01,58.0,54.7,1013.2,7.6,11.1,15.0,999.9,62.1,54.0,0.0,999.9,0,696
3,2018,09,05,2018-09-05,69.2,64.7,1024.1,9.3,4.8,9.9,999.9,86.0,61.0,0.0,999.9,1,768
5,2018,07,20,2018-07-20,64.3,56.7,1021.6,10.0,3.3,8.9,999.9,77.0,54.0,0.0,999.9,0,700
7,2018,06,10,2018-06-10,61.5,49.5,1017.3,9.4,6.8,11.1,999.9,77.0,54.0,0.0,999.9,1,533
1,2018,07,02,2018-07-02,68.4,64.9,1018.9,8.7,4.7,9.9,999.9,86.0,63.0,0.0,999.9,0,719
2,2018,02,27,2018-02-27,40.3,29.3,1024.2,10.0,8.9,15.9,999.9,46.9,28.0,0.0,999.9,0,631
7,2018,09,23,2018-09-23,59.8,50.2,1023.4,10.0,3.0,5.1,999.9,78.1,53.1,0.0,999.9,0,475
4,2018,07,19,2018-07-19,67.9,57.5,1016.8,10.0,6.3,9.9,999.9,77.0,59.0,0.0,999.9,0,739
4,2018,06,07,2018-06-07,51.5,48.0,1020.1,10.0,6.5,11.1,999.9,57.9,43.0,0.0,999.9,0,693
2,2018,03,20,2018-03-20,32.5,17.5,1013.5,10.0,9.1,12.0,999.9,37.0,26.1,0.0,999.9,0,597
6,2018,06,09,2018-06-09,62.9,55.8,1018.7,9.8,5.7,11.1,999.9,77.0,45.0,0.06,999.9,0,706
2,2020,09,29,2020-09-29,67.5,65.8,9999.9,6.1,5.5,8.0,999.9,68.0,66.0,0.0,999.9,1,317
2,2020,10,06,2020-10-06,59.2,53.1,1020.5,9.9,6.8,12.0,999.9,64.0,48.0,0.05,999.9,0,325
5,2020,09,25,2020-09-25,64.6,61.0,1018.5,7.0,7.2,9.9,999.9,75.9,55.0,0.0,999.9,1,348
2,2020,01,07,2020-01-07,39.0,26.6,1016.6,10.0,8.0,13.0,999.9,43.0,24.1,0.0,999.9,0,408
1,2020,12,28,2020-12-28,43.0,36.2,1024.8,10.0,9.5,14.0,999.9,52.0,26.1,0.0,999.9,0,217
2,2020,09,08,2020-09-08,65.9,63.7,1020.7,5.2,4.2,8.0,999.9,77.0,57.2,0.0,999.9,1,337
2,2020,07,07,2020-07-07,60.1,56.3,1021.9,8.9,7.9,12.0,999.9,75.0,55.9,0.0,999.9,0,243
6,2020,09,05,2020-09-05,70.7,53.2,1018.9,10.0,9.4,14.0,999.9,81.0,64.0,0.01,999.9,0,362
3,2020,06,03,2020-06-03,59.2,56.3,1005.6,9.2,9.8,15.0,999.9,66.9,53.1,0.05,999.9,0,216
1,2020,01,06,2020-01-06,33.5,24.0,1013.2,9.9,5.3,15.0,999.9,43.0,24.1,0.01,999.9,0,459
5,2020,08,28,2020-08-28,70.6,65.3,1008.2,9.9,6.9,12.0,999.9,78.1,63.0,0.05,999.9,0,306
3,2020,02,26,2020-02-26,44.5,42.8,1013.9,4.7,7.0,12.0,999.9,48.0,42.1,0.08,999.9,1,449
1,2020,09,28,2020-09-28,68.1,66.3,1016.0,6.3,9.5,13.0,999.9,73.0,62.1,0.18,999.9,0,300
1,2020,03,09,2020-03-09,44.7,38.2,1026.4,9.2,14.5,18.1,999.9,50.0,30.0,0.0,999.9,0,546
2,2020,06,23,2020-06-23,63.5,61.3,1011.9,2.3,5.0,11.1,999.9,75.9,59.0,0.0,999.9,1,291
3,2020,05,27,2020-05-27,57.4,56.2,1024.4,2.0,5.6,8.9,999.9,69.1,53.1,0.0,999.9,1,239
4,2020,08,20,2020-08-20,68.4,59.9,1016.1,10.0,6.2,9.9,999.9,81.0,61.0,0.0,999.9,0,306
3,2020,01,22,2020-01-22,27.1,14.3,1029.8,10.0,4.2,8.9,999.9,34.0,17.1,0.0,999.9,0,489
7,2020,06,21,2020-06-21,65.2,62.5,1016.7,5.8,6.3,8.9,999.9,75.9,60.1,0.0,999.9,1,245
4,2020,01,23,2020-01-23,32.3,26.5,1029.2,9.7,4.7,11.1,999.9,45.0,17.1,0.0,999.9,0,451
7,2016,07,10,2016-07-10,63.0,60.1,1010.6,6.8,7.7,11.1,999.9,70.0,59.0,0.1,999.9,1,508
6,2016,05,14,2016-05-14,59.4,54.0,1006.2,6.9,8.1,12.0,999.9,70.0,45.0,0.1,999.9,1,589
7,2016,08,28,2016-08-28,67.7,61.7,1024.1,8.7,5.8,12.0,999.9,81.0,57.9,0.0,999.9,1,559
4,2016,06,23,2016-06-23,63.0,59.4,1012.3,8.3,7.0,11.1,999.9,71.1,55.9,0.0,999.9,1,643
5,2016,05,27,2016-05-27,60.0,55.8,1020.0,6.5,8.2,12.0,999.9,78.1,55.9,0.0,999.9,1,767
5,2016,08,26,2016-08-26,73.4,70.0,1016.1,9.7,10.1,12.0,999.9,79.0,68.0,0.0,999.9,0,756
5,2016,06,24,2016-06-24,65.3,56.6,1015.9,8.8,7.8,15.0,999.9,75.0,57.0,0.0,999.9,0,811
3,2016,10,12,2016-10-12,52.8,46.7,1028.3,10.0,5.2,8.9,999.9,63.0,42.1,0.0,999.9,0,498
7,2016,07,03,2016-07-03,67.2,58.0,1017.1,10.0,9.6,14.0,999.9,75.9,55.9,0.0,999.9,0,448
5,2016,11,25,2016-11-25,48.6,43.1,1023.9,10.0,6.9,12.0,999.9,51.1,34.0,0.0,999.9,0,455
2,2016,12,20,2016-12-20,34.8,25.3,1033.2,10.0,7.0,13.0,999.9,41.0,30.0,0.0,999.9,0,719
2,2016,01,26,2016-01-26,42.2,36.4,1021.5,9.1,11.1,17.1,999.9,48.2,28.9,0.0,999.9,0,734
4,2016,07,21,2016-07-21,70.4,63.4,1020.2,10.0,7.4,12.0,999.9,80.1,60.1,0.0,999.9,0,731
7,2016,03,06,2016-03-06,33.2,18.7,1024.3,10.0,3.1,8.0,999.9,41.0,23.0,0.0,999.9,0,500
6,2016,08,13,2016-08-13,75.9,73.3,1012.7,5.4,9.2,14.0,999.9,82.9,71.1,0.0,999.9,1,614
7,2016,10,02,2016-10-02,61.3,59.2,1017.8,4.4,9.0,12.0,999.9,64.9,59.0,1.22,999.9,1,486
7,2016,05,29,2016-05-29,64.6,58.2,1021.1,10.0,7.7,13.0,999.9,75.0,59.0,0.0,999.9,0,566
7,2016,10,16,2016-10-16,55.2,47.6,1023.1,10.0,9.3,19.0,999.9,66.0,39.9,0.0,999.9,0,503
5,2016,01,29,2016-01-29,41.3,36.8,999.4,10.0,5.9,9.9,999.9,45.0,23.0,0.0,999.9,0,645
2,2016,11,08,2016-11-08,47.2,38.2,1020.5,10.0,7.1,11.1,999.9,57.0,39.0,0.0,999.9,0,620
4,2016,12,22,2016-12-22,38.9,32.3,1017.7,10.0,6.5,15.0,999.9,46.0,27.0,0.0,999.9,0,700
2,2016,02,02,2016-02-02,43.2,32.2,1021.5,10.0,6.5,14.0,999.9,52.0,34.0,0.07,999.9,0,711
1,2016,05,23,2016-05-23,59.4,50.3,1011.9,10.0,9.6,15.9,999.9,72.0,52.0,0.03,999.9,0,652
6,2016,08,20,2016-08-20,69.1,62.1,1015.2,10.0,8.5,13.0,999.9,81.0,63.0,0.0,999.9,0,579
4,2016,01,28,2016-01-28,35.0,24.4,1016.1,10.0,4.3,8.9,999.9,46.0,23.0,0.09,999.9,0,681
7,2016,02,07,2016-02-07,38.7,30.1,1022.3,10.0,6.7,12.0,999.9,44.1,28.0,0.0,999.9,0,423
4,2016,03,17,2016-03-17,45.4,42.5,1008.2,5.9,8.5,15.0,999.9,48.9,42.8,0.01,999.9,0,612
5,2016,06,17,2016-06-17,63.0,51.5,1012.4,10.0,7.4,12.0,999.9,73.0,55.9,0.0,999.9,0,748
6,2016,07,16,2016-07-16,73.5,67.3,1015.4,7.0,6.4,9.9,999.9,84.9,66.9,0.0,999.9,0,623
2,2016,11,01,2016-11-01,46.2,37.1,1027.3,10.0,4.4,8.0,999.9,53.1,34.0,0.01,999.9,0,732
3,2016,07,27,2016-07-27,75.4,66.3,1012.4,10.0,7.0,9.9,999.9,82.0,70.0,0.0,999.9,0,690
4,2014,11,13,2014-11-13,49.8,41.1,1015.5,8.6,8.4,999.9,999.9,68.0,45.0,0.0,999.9,1,696
5,2014,05,02,2014-05-02,51.9,44.7,1006.4,6.4,10.2,15.0,999.9,61.0,46.4,0.21,999.9,1,698
5,2014,01,17,2014-01-17,38.6,35.8,1014.8,6.7,3.7,8.9,999.9,44.1,32.0,0.0,999.9,1,589
2,2014,11,11,2014-11-11,51.0,47.2,1020.7,9.5,8.2,12.0,999.9,59.0,39.0,0.0,999.9,1,493
7,2014,11,30,2014-11-30,46.1,38.6,1024.0,9.9,9.8,15.0,999.9,55.9,24.1,0.0,999.9,0,377
6,2014,04,12,2014-04-12,50.1,40.8,1019.1,8.5,8.6,13.0,999.9,64.0,43.0,0.0,999.9,0,578
2,2014,08,12,2014-08-12,67.2,62.2,1020.2,10.0,7.8,12.0,999.9,75.0,57.0,0.01,999.9,0,491
2,2014,04,22,2014-04-22,49.5,43.2,1007.7,10.0,5.6,8.9,999.9,57.9,34.0,0.0,999.9,0,459
3,2014,12,31,2014-12-31,26.9,8.3,1025.3,9.9,7.5,12.0,999.9,37.0,21.9,0.0,999.9,0,461
4,2014,09,04,2014-09-04,69.4,60.8,1020.5,9.9,5.2,12.0,999.9,82.0,59.0,0.0,999.9,0,727
1,2014,09,15,2014-09-15,57.5,47.6,1022.0,10.0,3.6,8.0,999.9,66.0,46.9,0.0,999.9,0,610
3,2014,08,20,2014-08-20,63.8,55.9,1015.5,9.9,6.0,12.0,999.9,73.0,52.0,0.01,999.9,0,551
6,2014,10,18,2014-10-18,62.7,58.8,1003.7,9.0,7.5,12.0,999.9,68.0,59.0,0.02,999.9,0,494
1,2014,11,10,2014-11-10,48.2,42.2,1019.2,9.6,4.0,7.0,999.9,59.0,39.0,0.0,999.9,0,560
5,2014,07,18,2014-07-18,69.6,59.4,1020.7,9.6,5.0,7.0,999.9,79.0,63.0,0.04,999.9,0,624
2,2014,08,05,2014-08-05,69.2,67.4,1016.2,3.7,6.6,11.1,999.9,75.9,64.9,0.0,999.9,1,606
3,2014,10,29,2014-10-29,61.9,59.0,1013.1,8.0,9.8,14.0,999.9,66.0,57.9,0.0,999.9,0,556
7,2014,08,03,2014-08-03,66.4,64.6,1019.1,6.0,5.1,9.9,999.9,70.0,61.0,0.6,999.9,1,476
5,2014,05,09,2014-05-09,51.5,44.5,1022.6,8.7,6.7,14.0,999.9,55.9,44.6,0.0,999.9,1,584
1,2014,03,10,2014-03-10,33.5,24.0,1010.7,8.9,6.1,15.0,999.9,39.2,28.0,0.0,999.9,0,513
7,2014,12,21,2014-12-21,41.4,34.0,1024.2,9.8,7.1,9.9,999.9,46.0,36.0,0.06,999.9,0,409
2,2014,09,02,2014-09-02,71.1,69.4,1013.1,1.7,6.8,9.9,999.9,77.0,68.0,0.01,999.9,1,700
2,2014,07,22,2014-07-22,67.1,63.5,1020.4,5.9,5.4,11.1,999.9,73.0,60.1,0.02,999.9,1,587
3,2014,05,14,2014-05-14,51.2,44.3,1026.5,10.0,9.8,15.0,999.9,59.0,45.0,0.0,999.9,0,638
4,2014,04,10,2014-04-10,41.6,28.9,1019.5,9.9,8.8,15.9,999.9,57.0,28.0,0.0,999.9,0,645
3,2014,04,02,2014-04-02,39.3,28.6,1019.1,10.0,5.6,11.1,999.9,48.0,32.0,0.0,999.9,0,519
6,2014,11,29,2014-11-29,30.9,16.8,1025.3,10.0,6.6,14.0,999.9,39.0,25.0,0.0,999.9,0,394
1,2014,10,06,2014-10-06,55.7,42.6,1018.6,10.0,6.9,13.0,999.9,64.0,45.0,0.0,999.9,0,639
2,2014,10,28,2014-10-28,54.3,48.0,1017.5,9.9,6.1,9.9,999.9,64.9,39.9,0.0,999.9,0,571
2,2014,09,30,2014-09-30,63.3,61.3,1014.7,6.7,7.0,18.1,999.9,72.0,62.1,0.02,999.9,0,589
1,2014,08,11,2014-08-11,66.3,59.2,1021.1,7.8,3.6,8.9,999.9,81.0,57.0,0.01,999.9,1,604
7,2014,07,27,2014-07-27,68.6,65.2,1011.4,9.9,7.6,14.0,999.9,73.9,62.1,0.01,999.9,0,476
1,2014,01,13,2014-01-13,38.6,31.2,1018.7,9.2,7.7,12.0,999.9,46.9,28.9,0.01,999.9,0,568
7,2014,06,08,2014-06-08,64.9,55.5,1013.2,9.8,4.8,8.0,999.9,77.0,55.9,0.0,999.9,0,516
5,2014,07,11,2014-07-11,69.1,62.4,1021.9,6.5,4.3,8.0,999.9,78.1,64.0,0.03,999.9,1,642
3,2014,09,17,2014-09-17,61.9,54.4,1015.5,9.8,4.6,13.0,999.9,70.0,51.1,0.0,999.9,0,658
3,2014,07,30,2014-07-30,67.3,60.6,1015.5,9.3,5.5,11.1,999.9,75.0,59.0,0.0,999.9,0,605
2,2014,08,26,2014-08-26,63.0,56.0,1021.1,10.0,3.5,8.9,999.9,72.0,53.1,0.0,999.9,0,608
1,2014,06,23,2014-06-23,62.1,50.3,1019.7,10.0,4.1,9.9,999.9,73.0,52.0,0.0,999.9,0,644
6,2014,07,26,2014-07-26,66.9,63.2,1015.8,9.8,6.9,9.9,999.9,75.0,61.0,0.0,999.9,0,534
6,2014,06,21,2014-06-21,59.9,46.2,1013.9,10.0,5.1,12.0,999.9,73.0,48.0,0.0,999.9,0,557
1,2014,08,25,2014-08-25,63.3,56.5,1020.5,10.0,3.8,8.0,999.9,72.0,54.0,0.0,999.9,0,549
6,2014,08,30,2014-08-30,60.1,51.2,1025.5,10.0,6.3,9.9,999.9,71.1,46.0,0.0,999.9,0,510
6,2017,05,27,2017-05-27,57.5,48.6,1011.4,10.0,7.2,9.9,999.9,63.0,51.1,0.03,999.9,0,475
7,2017,09,24,2017-09-24,65.3,64.3,1016.6,3.7,9.6,13.0,999.9,73.0,60.1,0.05,999.9,1,587
1,2017,07,17,2017-07-17,67.3,66.8,1018.5,3.9,5.7,11.1,999.9,78.1,62.1,0.0,999.9,1,639
3,2017,05,31,2017-05-31,55.4,53.1,1017.8,3.6,7.8,11.1,999.9,62.1,50.0,0.01,999.9,1,669
2,2017,07,18,2017-07-18,69.4,67.9,1019.6,4.0,5.5,8.9,999.9,78.1,62.1,0.0,999.9,1,706
2,2017,09,26,2017-09-26,65.9,65.3,1016.8,2.6,3.4,7.0,999.9,77.0,59.0,0.12,999.9,1,656
4,2017,07,13,2017-07-13,70.8,69.6,1015.5,4.4,8.2,19.0,999.9,80.1,64.0,0.0,999.9,1,759
6,2017,10,14,2017-10-14,62.4,62.0,1026.6,6.7,5.5,8.9,999.9,66.9,52.0,0.0,999.9,0,567
2,2017,07,11,2017-07-11,68.8,68.4,1016.1,2.7,8.6,13.0,999.9,75.0,62.1,0.0,999.9,1,638
3,2017,07,19,2017-07-19,71.6,70.3,1016.5,4.2,7.6,12.0,999.9,79.0,66.0,0.0,999.9,1,747
1,2017,05,01,2017-05-01,49.3,45.3,1019.8,5.0,10.6,15.9,999.9,57.9,44.6,0.0,999.9,1,639
5,2017,08,11,2017-08-11,67.6,65.8,1021.4,9.3,5.8,8.0,999.9,77.0,60.1,0.0,999.9,1,655
6,2017,10,07,2017-10-07,63.8,63.5,1021.1,3.9,5.7,9.9,999.9,71.1,61.0,0.0,999.9,1,570
1,2017,12,18,2017-12-18,32.7,23.9,1021.3,9.7,4.6,11.1,999.9,43.0,24.1,0.0,999.9,0,706
7,2017,05,21,2017-05-21,52.7,37.3,1027.6,10.0,6.8,14.0,999.9,63.0,41.0,0.0,999.9,0,618
6,2017,09,02,2017-09-02,58.7,45.2,1022.4,10.0,5.3,8.9,999.9,66.9,50.0,0.0,999.9,0,562
4,2017,05,18,2017-05-18,60.1,54.1,1012.7,7.0,13.2,15.9,999.9,71.1,53.1,0.0,999.9,0,911
5,2017,11,24,2017-11-24,40.8,30.7,1016.1,10.0,6.9,9.9,999.9,50.0,33.1,0.0,999.9,0,502
3,2017,04,12,2017-04-12,49.1,45.1,1020.6,8.3,9.9,13.0,999.9,55.0,46.0,0.0,999.9,0,540
2,2017,06,27,2017-06-27,64.3,61.6,1016.3,9.9,7.8,11.1,999.9,75.0,57.9,0.0,999.9,0,757
5,2017,10,06,2017-10-06,64.9,64.2,1018.2,7.4,7.6,15.0,999.9,70.0,61.0,0.18,999.9,1,649
1,2017,11,13,2017-11-13,48.8,44.3,1026.7,10.0,9.2,15.0,999.9,52.0,46.0,0.0,999.9,0,699
6,2017,04,15,2017-04-15,46.8,38.0,1028.2,9.7,9.2,15.0,999.9,57.9,35.1,0.0,999.9,0,495
6,2017,09,30,2017-09-30,56.3,50.9,1020.0,9.8,8.3,13.0,999.9,64.0,48.0,0.0,999.9,0,550
2,2017,10,24,2017-10-24,64.3,63.4,1018.6,8.7,14.7,18.1,999.9,69.1,53.1,0.0,999.9,0,685
7,2017,08,27,2017-08-27,62.3,53.6,1024.6,10.0,5.0,9.9,999.9,73.0,50.0,0.0,999.9,0,498
4,2017,10,19,2017-10-19,59.7,58.3,1023.8,10.0,9.3,14.0,999.9,66.9,48.9,0.0,999.9,0,766
1,2017,10,02,2017-10-02,58.0,51.4,1026.8,10.0,9.3,15.0,999.9,66.0,48.0,0.0,999.9,0,739
7,2017,07,23,2017-07-23,68.4,63.5,1009.3,8.7,6.0,15.9,999.9,82.0,64.0,0.0,999.9,0,554
1,2017,01,02,2017-01-02,37.4,28.7,1032.0,10.0,7.1,12.0,999.9,50.0,26.1,0.03,999.9,0,449
2,2017,09,12,2017-09-12,65.3,59.7,1015.6,10.0,8.3,15.0,999.9,73.9,57.0,0.0,999.9,0,680
6,2020,10,03,2020-10-03,61.4,47.8,1021.2,10.0,4.9,8.0,999.9,68.0,50.0,0.0,999.9,0,323
5,2020,10,16,2020-10-16,65.4,60.7,1018.5,10.0,12.6,14.0,999.9,70.0,59.0,0.0,999.9,0,304
6,2020,07,25,2020-07-25,69.6,66.7,1018.0,5.5,3.9,11.1,999.9,80.1,60.1,0.0,999.9,1,291
7,2020,04,12,2020-04-12,45.9,31.8,1021.9,10.0,9.0,15.0,999.9,53.1,36.0,0.0,999.9,0,106
3,2020,08,12,2020-08-12,75.3,72.7,1016.6,5.9,9.1,13.0,999.9,81.0,71.1,0.0,999.9,1,293
1,2020,11,09,2020-11-09,54.8,51.0,1026.6,6.6,5.2,8.9,999.9,71.1,46.0,0.0,999.9,1,318
7,2020,02,09,2020-02-09,33.1,21.6,1032.4,10.0,7.6,13.0,999.9,39.9,23.0,0.0,999.9,0,373
4,2020,06,04,2020-06-04,64.4,60.4,1009.3,9.0,8.9,13.0,999.9,73.9,55.9,0.03,999.9,0,245
1,2020,12,14,2020-12-14,44.0,39.4,1013.2,8.9,6.3,12.0,999.9,57.0,39.9,0.0,999.9,0,250
6,2020,08,01,2020-08-01,72.6,66.2,1012.6,8.5,5.1,11.1,999.9,82.9,62.1,0.0,999.9,1,375
2,2014,06,24,2014-06-24,60.0,51.9,1022.0,10.0,5.3,12.0,999.9,66.9,53.1,0.0,999.9,0,632
5,2014,06,20,2014-06-20,64.6,48.8,1013.2,9.8,6.0,11.1,999.9,73.0,52.0,0.08,999.9,0,765
6,2014,06,28,2014-06-28,62.2,51.9,1024.1,9.5,4.8,8.0,999.9,72.0,52.0,0.02,999.9,0,611
1,2014,08,04,2014-08-04,68.2,65.5,1017.7,6.0,5.2,12.0,999.9,73.0,64.0,0.04,999.9,1,589
3,2014,11,12,2014-11-12,56.5,53.5,1012.9,6.0,5.2,11.1,999.9,68.0,45.0,0.0,999.9,1,546
3,2014,08,06,2014-08-06,70.1,65.7,1010.1,4.4,4.3,8.9,999.9,78.1,66.0,0.01,999.9,1,562
2,2014,08,19,2014-08-19,63.9,56.9,1012.6,8.8,4.1,8.0,999.9,73.9,54.0,0.01,999.9,1,516
6,2014,05,03,2014-05-03,50.9,41.1,1010.3,9.1,6.4,13.0,999.9,61.0,41.0,0.01,999.9,0,590
3,2014,01,29,2014-01-29,20.3,10.4,1021.2,6.3,8.1,14.0,999.9,27.0,17.1,0.02,999.9,0,649
7,2014,12,14,2014-12-14,39.0,30.1,1008.6,10.0,10.9,15.9,999.9,42.8,36.0,0.0,999.9,0,439
1,2014,09,29,2014-09-29,65.9,63.2,1015.5,9.2,6.7,11.1,999.9,73.0,53.1,0.02,999.9,0,566
2,2014,03,25,2014-03-25,26.5,10.5,1019.8,10.0,4.1,8.9,999.9,35.1,15.1,0.0,999.9,0,474
5,2014,09,05,2014-09-05,70.3,67.2,1021.3,8.7,7.5,13.0,999.9,78.1,59.0,0.01,999.9,1,647
5,2014,08,01,2014-08-01,67.5,62.9,1023.5,9.0,5.3,8.9,999.9,73.9,59.0,0.01,999.9,0,667
4,2014,07,17,2014-07-17,70.4,63.7,1013.3,7.7,4.5,8.0,999.9,77.0,66.2,0.01,999.9,1,587
2,2014,07,29,2014-07-29,68.9,62.8,1007.7,9.6,10.5,15.9,999.9,73.9,64.9,0.12,999.9,0,526
1,2014,04,21,2014-04-21,43.1,36.9,1022.3,10.0,6.2,11.1,999.9,53.1,34.0,0.0,999.9,0,521
6,2014,12,27,2014-12-27,43.7,36.4,1021.8,10.0,7.4,11.1,999.9,51.1,37.9,0.0,999.9,0,406
1,2014,10,13,2014-10-13,50.9,43.2,1027.7,10.0,4.2,9.9,999.9,62.1,39.0,0.0,999.9,0,451
6,2014,09,27,2014-09-27,63.5,55.3,1020.7,9.9,6.2,9.9,999.9,75.9,53.1,0.01,999.9,0,600
7,2014,07,13,2014-07-13,68.7,63.6,1020.0,9.8,9.7,14.0,999.9,73.0,57.9,0.01,999.9,0,439
4,2014,01,16,2014-01-16,40.8,39.3,1010.6,4.6,5.9,11.1,999.9,46.0,32.0,0.0,999.9,0,521
2,2014,06,17,2014-06-17,62.5,55.2,1019.0,10.0,8.2,12.0,999.9,73.0,57.9,0.0,999.9,0,666
4,2014,05,08,2014-05-08,52.0,43.4,1022.3,9.6,7.5,12.0,999.9,62.1,46.0,0.0,999.9,0,596
6,2014,09,20,2014-09-20,57.0,47.3,1027.2,10.0,7.7,12.0,999.9,68.0,44.1,0.0,999.9,0,594
2,2014,12,16,2014-12-16,44.0,37.0,1019.7,9.6,4.2,8.0,999.9,48.0,33.1,0.0,999.9,0,645
3,2014,11,05,2014-11-05,57.7,52.4,1018.3,9.3,11.1,15.0,999.9,62.1,54.0,0.0,999.9,0,554
4,2014,07,31,2014-07-31,67.7,62.9,1019.8,9.6,6.3,11.1,999.9,75.0,59.0,0.01,999.9,0,626
1,2014,06,02,2014-06-02,57.4,46.6,1022.9,10.0,6.8,14.0,999.9,68.0,48.0,0.0,999.9,0,643
4,2014,06,19,2014-06-19,67.3,61.5,1013.6,9.7,6.5,9.9,999.9,72.0,63.7,0.0,999.9,0,675
7,2014,02,23,2014-02-23,42.0,36.9,1015.4,9.5,9.1,13.0,999.9,46.9,34.0,0.0,999.9,0,414
2,2014,10,14,2014-10-14,63.2,58.4,1025.4,10.0,8.2,9.9,999.9,66.9,59.0,0.0,999.9,0,697
6,2014,08,16,2014-08-16,66.3,58.8,1015.3,9.7,8.2,12.0,999.9,73.0,59.0,0.0,999.9,0,490
6,2014,06,14,2014-06-14,66.5,63.8,1009.7,4.8,5.7,11.1,999.9,75.9,62.1,0.26,999.9,1,613
1,2014,06,30,2014-06-30,67.3,61.6,1019.0,10.0,8.0,12.0,999.9,73.0,55.0,0.01,999.9,0,610
1,2014,06,09,2014-06-09,61.2,57.0,1015.2,7.1,5.6,9.9,999.9,68.0,55.0,0.0,999.9,1,528
3,2014,06,04,2014-06-04,55.2,51.2,1011.4,7.6,8.3,12.0,999.9,64.9,51.1,0.0,999.9,1,582
3,2014,08,27,2014-08-27,67.5,64.7,1016.3,6.5,7.3,12.0,999.9,75.0,53.1,0.02,999.9,1,538
7,2014,02,09,2014-02-09,30.3,18.2,1018.7,10.0,4.9,9.9,999.9,37.0,21.9,0.0,999.9,0,450
2,2014,09,16,2014-09-16,61.2,50.8,1017.0,10.0,6.5,9.9,999.9,66.9,46.9,0.0,999.9,0,613
6,2014,07,19,2014-07-19,65.0,54.1,1024.2,10.0,5.0,9.9,999.9,78.1,55.9,0.0,999.9,0,480
2,2014,03,04,2014-03-04,24.8,12.2,1025.5,10.0,8.3,12.0,999.9,30.0,21.0,0.0,999.9,0,532
1,2014,12,15,2014-12-15,37.8,31.6,1014.5,9.9,5.8,11.1,999.9,44.6,32.0,0.0,999.9,0,720
1,2014,12,01,2014-12-01,53.2,49.0,1019.8,7.4,9.8,14.0,999.9,57.0,39.9,0.0,999.9,0,644
4,2014,09,11,2014-09-11,64.4,60.3,1014.8,9.7,6.4,13.0,999.9,73.0,54.0,0.0,999.9,0,619
7,2014,06,22,2014-06-22,63.2,49.2,1014.6,9.9,6.0,11.1,999.9,73.0,48.0,0.0,999.9,0,477
5,2014,05,30,2014-05-30,49.7,42.2,1019.4,10.0,5.7,9.9,999.9,57.9,41.0,0.0,999.9,0,650
2,2014,05,06,2014-05-06,52.2,40.5,1011.1,9.6,5.7,11.1,999.9,59.0,46.9,0.01,999.9,0,565
7,2014,09,28,2014-09-28,63.3,58.5,1020.5,9.9,4.4,9.9,999.9,75.9,53.1,0.0,999.9,0,512
5,2014,07,25,2014-07-25,67.4,60.8,1013.4,10.0,5.9,8.9,999.9,77.0,61.0,0.0,999.9,0,653
2,2017,05,30,2017-05-30,53.5,49.6,1021.0,8.1,7.9,11.1,999.9,61.0,50.0,0.01,999.9,0,647
5,2017,08,04,2017-08-04,67.7,66.7,1019.7,2.9,6.3,11.1,999.9,75.9,61.0,0.0,999.9,1,758
7,2017,09,17,2017-09-17,64.7,64.2,1021.4,4.8,3.4,8.9,999.9,75.9,60.1,0.0,999.9,1,586
4,2017,06,01,2017-06-01,55.7,53.8,1013.3,3.0,7.7,13.0,999.9,61.0,51.8,0.01,999.9,1,654
2,2017,02,28,2017-02-28,44.2,39.9,1029.7,9.0,7.9,13.0,999.9,48.9,30.0,0.0,999.9,0,591
3,2017,11,15,2017-11-15,43.9,37.1,1024.1,10.0,11.3,17.1,999.9,48.9,39.0,0.0,999.9,0,713
7,2017,12,03,2017-12-03,42.6,36.3,1023.2,10.0,6.1,9.9,999.9,48.9,35.1,0.0,999.9,0,448
1,2017,07,10,2017-07-10,68.3,66.1,1018.2,9.6,9.0,13.0,999.9,77.0,62.1,0.0,999.9,0,667
3,2017,08,02,2017-08-02,68.6,66.6,1018.9,9.9,6.5,11.1,999.9,75.9,63.0,0.0,999.9,0,618
3,2017,07,05,2017-07-05,67.9,58.5,1021.9,9.9,6.5,11.1,999.9,81.0,57.9,0.0,999.9,0,706
2,2017,03,21,2017-03-21,39.9,26.4,1011.2,10.0,7.9,11.1,999.9,50.0,34.0,0.0,999.9,0,636
3,2017,08,16,2017-08-16,71.1,65.9,1013.0,6.8,6.5,15.9,999.9,79.0,64.9,0.23,999.9,1,600
5,2017,01,20,2017-01-20,39.9,32.5,1015.5,10.0,4.3,9.9,999.9,45.0,37.0,0.0,999.9,0,605
1,2017,04,24,2017-04-24,46.6,42.4,1021.9,10.0,7.6,9.9,999.9,55.9,42.1,0.0,999.9,0,541
1,2017,05,22,2017-05-22,51.4,40.5,1023.3,9.5,8.2,13.0,999.9,63.0,41.0,0.0,999.9,0,719
7,2017,07,16,2017-07-16,69.3,67.7,1013.7,5.8,7.1,12.0,999.9,78.1,60.1,0.0,999.9,1,515
7,2017,06,25,2017-06-25,68.8,60.1,1013.0,9.4,7.6,11.1,999.9,79.0,59.0,0.0,999.9,0,590
7,2017,11,12,2017-11-12,35.8,29.8,1032.6,10.0,5.0,12.0,999.9,46.9,24.1,0.0,999.9,0,539
7,2017,06,04,2017-06-04,58.0,49.8,1014.6,10.0,7.3,14.0,999.9,66.0,43.0,0.0,999.9,0,468
6,2017,09,09,2017-09-09,63.1,57.0,1021.1,10.0,7.5,12.0,999.9,70.0,54.0,0.0,999.9,0,608
4,2017,08,10,2017-08-10,67.8,66.0,1024.2,8.8,6.0,8.9,999.9,75.0,59.0,0.0,999.9,1,650
7,2017,05,28,2017-05-28,51.8,46.1,1015.5,9.4,6.1,12.0,999.9,63.0,45.0,0.0,999.9,0,474
4,2017,06,15,2017-06-15,57.2,45.8,1019.1,10.0,7.5,14.0,999.9,66.0,46.9,0.0,999.9,0,771
2,2017,10,03,2017-10-03,54.1,47.5,1035.7,10.0,6.0,11.1,999.9,62.1,46.0,0.0,999.9,0,687
2,2017,04,11,2017-04-11,49.8,44.0,1021.8,8.8,12.1,15.9,999.9,55.0,41.0,0.0,999.9,0,519
3,2017,10,11,2017-10-11,62.1,58.7,1019.7,10.0,6.9,13.0,999.9,77.0,55.9,0.0,999.9,0,628
4,2017,07,27,2017-07-27,61.8,59.2,1017.7,10.0,7.3,12.0,999.9,72.0,55.0,0.0,999.9,0,610
6,2017,07,22,2017-07-22,74.0,67.2,1010.5,8.8,7.1,12.0,999.9,84.9,68.0,0.0,999.9,0,648
4,2012,08,02,2012-08-02,75.0,68.4,1011.3,6.2,2.7,11.1,999.9,87.1,66.2,0.11,999.9,1,570
5,2012,10,05,2012-10-05,67.8,59.7,1016.7,8.4,3.3,9.9,999.9,78.1,60.8,0.0,999.9,0,693
5,2012,11,16,2012-11-16,41.9,29.5,1026.4,9.7,5.8,15.0,999.9,48.2,37.9,0.0,999.9,0,672
2,2012,12,04,2012-12-04,51.9,47.1,1022.8,5.6,2.9,9.9,999.9,62.1,37.4,0.04,999.9,1,621
1,2012,08,13,2012-08-13,76.3,61.2,1014.6,9.2,4.3,13.0,999.9,86.0,69.1,0.05,999.9,0,504
4,2012,09,06,2012-09-06,73.2,65.3,1011.3,9.7,2.3,12.0,999.9,79.0,62.6,0.59,999.9,0,572
4,2012,08,23,2012-08-23,74.7,61.7,1020.4,8.9,2.0,8.9,999.9,84.0,62.6,0.0,999.9,0,574
5,2012,09,14,2012-09-14,70.5,57.7,1023.4,9.7,2.3,9.9,999.9,80.1,55.4,0.0,999.9,0,609
1,2012,09,03,2012-09-03,73.8,65.1,1019.8,10.0,4.5,14.0,999.9,79.0,55.4,0.0,999.9,0,373
7,2012,09,02,2012-09-02,75.4,65.9,1017.7,9.8,3.2,11.1,999.9,80.1,62.1,0.0,999.9,0,421
1,2012,07,30,2012-07-30,73.1,65.1,1018.6,10.0,2.2,8.9,999.9,79.0,64.9,0.01,999.9,0,530
4,2012,12,13,2012-12-13,40.3,24.6,1029.8,10.0,1.7,11.1,999.9,46.0,32.0,0.0,999.9,0,545
5,2012,07,27,2012-07-27,76.6,69.3,1007.0,9.1,4.4,14.0,999.9,87.1,70.0,0.6,999.9,0,638
2,2012,08,14,2012-08-14,76.0,62.6,1014.0,9.6,2.3,9.9,999.9,81.0,69.1,0.0,999.9,0,520
3,2012,07,25,2012-07-25,76.5,53.5,1009.7,10.0,4.2,19.0,999.9,84.9,66.9,0.0,999.9,0,612
3,2012,07,04,2012-07-04,81.8,65.6,1009.1,9.2,3.6,11.1,999.9,91.0,68.0,0.06,999.9,0,432
5,2012,07,13,2012-07-13,78.9,60.7,1021.8,9.9,3.0,7.0,999.9,87.1,63.0,0.0,999.9,0,603
5,2012,07,06,2012-07-06,81.9,62.3,1011.7,10.0,3.1,9.9,999.9,91.0,66.9,0.0,999.9,0,638
3,2012,09,12,2012-09-12,68.5,49.7,1026.5,10.0,2.1,9.9,999.9,80.1,55.0,0.0,999.9,0,651
1,2012,09,17,2012-09-17,66.5,48.0,1018.3,10.0,2.2,7.0,999.9,77.0,48.2,0.0,999.9,0,452
3,2012,07,11,2012-07-11,77.1,62.0,1019.9,10.0,1.9,7.0,999.9,84.0,64.9,0.0,999.9,0,565
4,2012,09,13,2012-09-13,70.4,54.8,1027.4,10.0,3.2,9.9,999.9,80.1,62.1,0.0,999.9,0,632
2,2012,07,10,2012-07-10,76.5,56.3,1016.0,10.0,3.4,9.9,999.9,86.0,61.0,0.0,999.9,0,524
3,2018,07,04,2018-07-04,71.7,70.5,1025.7,4.8,6.8,9.9,999.9,81.0,62.1,0.0,999.9,1,406
3,2018,10,10,2018-10-10,66.2,64.9,1021.4,3.9,9.1,13.0,999.9,72.0,57.9,0.0,999.9,1,708
3,2018,09,12,2018-09-12,71.0,69.6,1023.0,3.1,4.0,9.9,999.9,79.0,66.0,0.0,999.9,1,783
3,2018,08,08,2018-08-08,74.6,73.6,1013.9,5.9,8.1,12.0,999.9,82.0,70.0,0.0,999.9,1,656
3,2018,07,25,2018-07-25,69.8,68.7,1020.0,5.0,11.0,15.0,999.9,75.9,66.0,0.0,999.9,1,657
3,2018,05,23,2018-05-23,57.3,55.7,1012.9,6.9,7.0,15.0,999.9,68.0,50.0,0.24,999.9,1,729
4,2018,05,31,2018-05-31,55.1,54.6,1019.2,3.7,6.5,9.9,999.9,69.1,50.0,0.0,999.9,1,698
5,2018,06,08,2018-06-08,54.8,51.9,1020.9,7.9,8.0,14.0,999.9,62.1,43.0,0.0,999.9,1,757
5,2018,02,23,2018-02-23,37.5,32.5,1036.3,9.7,10.6,15.0,999.9,48.9,34.0,0.03,999.9,0,548
3,2018,01,17,2018-01-17,36.0,35.2,1024.3,5.5,7.7,14.0,999.9,41.0,28.0,0.17,999.9,1,611
2,2018,07,10,2018-07-10,67.2,64.7,1014.8,9.9,10.4,14.0,999.9,73.0,50.0,0.0,999.9,0,727
4,2018,03,29,2018-03-29,41.6,40.3,1017.6,8.1,6.5,9.9,999.9,48.9,35.1,0.0,999.9,0,613
4,2018,04,19,2018-04-19,41.8,40.6,1007.0,9.6,8.6,14.0,999.9,46.9,37.0,0.02,999.9,0,706
7,2018,09,02,2018-09-02,67.0,64.0,1024.9,10.0,5.0,8.9,999.9,79.0,55.9,0.0,999.9,0,528
4,2018,06,21,2018-06-21,63.4,61.5,1008.8,8.1,6.4,12.0,999.9,72.0,52.0,0.09,999.9,1,815
6,2018,09,29,2018-09-29,62.3,56.3,1020.0,9.8,6.6,13.0,999.9,72.0,53.1,0.23,999.9,0,604
6,2018,08,25,2018-08-25,66.5,60.3,1025.9,9.0,5.8,9.9,999.9,75.9,55.0,0.0,999.9,1,552
6,2018,03,24,2018-03-24,36.3,30.8,1015.4,10.0,6.8,15.0,999.9,46.0,26.1,0.0,999.9,0,550
1,2018,12,31,2018-12-31,32.0,23.7,1027.4,10.0,5.2,14.0,999.9,43.0,21.0,0.0,999.9,0,622
5,2018,08,24,2018-08-24,67.1,61.5,1021.1,10.0,4.7,8.9,999.9,75.9,55.0,0.0,999.9,0,681
3,2018,01,03,2018-01-03,25.6,18.3,1025.1,10.0,6.7,12.0,999.9,35.1,10.9,0.0,999.9,0,645
1,2018,02,19,2018-02-19,38.1,35.4,1033.5,9.6,8.3,14.0,999.9,46.9,26.1,0.01,999.9,0,435
1,2018,10,01,2018-10-01,62.0,56.1,1026.4,10.0,5.4,12.0,999.9,70.0,51.1,0.0,999.9,0,583
5,2018,09,21,2018-09-21,60.6,54.6,1024.2,10.0,6.9,12.0,999.9,69.1,53.1,0.0,999.9,0,715
2,2018,02,06,2018-02-06,30.0,20.2,1026.9,10.0,4.8,11.1,999.9,46.9,19.9,0.12,999.9,0,545
5,2018,07,13,2018-07-13,64.8,55.1,1024.2,10.0,5.0,9.9,999.9,77.0,54.0,0.0,999.9,0,726
2,2018,04,24,2018-04-24,44.7,41.7,1030.4,10.0,6.7,11.1,999.9,57.9,34.0,0.0,999.9,0,671
7,2018,06,17,2018-06-17,66.7,56.6,1017.7,10.0,6.0,8.9,999.9,82.0,54.0,0.0,999.9,0,627
7,2018,07,01,2018-07-01,70.8,66.4,1016.2,8.8,5.9,12.0,999.9,86.0,62.1,0.0,999.9,0,563
6,2013,06,01,2013-06-01,60.9,57.0,1016.7,7.0,10.9,15.0,999.9,66.0,57.0,0.0,999.9,0,631
5,2013,12,20,2013-12-20,42.5,37.5,1019.0,8.3,7.4,12.0,999.9,52.0,32.0,0.0,999.9,0,674
4,2013,08,08,2013-08-08,67.8,64.0,1020.1,10.0,6.7,9.9,999.9,75.0,54.0,0.0,999.9,0,549
4,2013,08,22,2013-08-22,70.5,68.9,1016.9,3.9,9.8,14.0,999.9,79.0,64.0,0.01,999.9,1,578
2,2013,06,25,2013-06-25,69.7,63.8,1012.8,8.4,10.2,14.0,999.9,78.1,64.0,0.0,999.9,0,648
5,2013,06,21,2013-06-21,62.0,56.1,1025.9,10.0,8.3,11.1,999.9,68.0,57.0,0.05,999.9,0,690
1,2013,08,19,2013-08-19,65.5,60.8,1017.5,9.5,8.1,13.0,999.9,73.9,57.0,0.39,999.9,0,462
7,2013,01,13,2013-01-13,45.4,44.9,1020.7,4.3,5.8,9.9,999.9,46.9,44.1,0.01,999.9,1,373
2,2013,07,09,2013-07-09,72.7,69.3,1018.0,5.7,7.0,13.0,999.9,80.1,69.1,0.0,999.9,1,583
3,2013,07,03,2013-07-03,68.7,67.2,1024.1,2.5,9.5,15.0,999.9,72.0,64.4,0.03,999.9,1,635
6,2013,09,21,2013-09-21,63.6,60.3,1015.6,9.9,7.8,13.0,999.9,72.0,54.0,0.01,999.9,1,546
7,2013,08,11,2013-08-11,69.5,56.7,1017.0,10.0,7.5,11.1,999.9,80.1,60.1,0.0,999.9,0,481
7,2013,04,28,2013-04-28,48.0,38.5,1027.1,9.8,3.9,8.0,999.9,57.0,37.0,0.0,999.9,0,440
4,2013,08,01,2013-08-01,68.9,64.7,1016.5,9.8,5.3,9.9,999.9,78.1,63.0,0.01,999.9,0,643
2,2013,10,22,2013-10-22,59.1,52.4,1012.5,10.0,6.1,8.9,999.9,66.9,39.9,0.0,999.9,0,540
1,2013,05,06,2013-05-06,49.2,43.4,1024.3,5.1,5.5,8.9,999.9,61.0,44.1,0.0,999.9,1,561
5,2013,10,04,2013-10-04,62.8,57.5,1017.7,9.3,5.2,8.9,999.9,71.1,53.6,0.01,999.9,1,658
2,2013,04,30,2013-04-30,51.0,30.2,1026.2,10.0,5.2,11.1,999.9,63.0,39.9,0.0,999.9,0,576
5,2013,01,11,2013-01-11,38.0,31.4,1030.6,10.0,5.4,11.1,999.9,44.1,32.0,0.0,999.9,0,660
4,2013,05,09,2013-05-09,57.2,53.6,1015.2,5.0,6.2,14.0,999.9,62.6,53.6,0.01,999.9,1,602
3,2013,10,23,2013-10-23,52.5,44.6,1005.8,9.8,7.9,12.0,999.9,66.9,48.0,0.0,999.9,0,558
7,2013,07,21,2013-07-21,72.8,69.1,1012.6,6.6,5.3,12.0,999.9,77.0,66.9,0.04,999.9,0,447
4,2013,10,31,2013-10-31,54.8,50.9,1021.4,9.1,6.0,12.0,999.9,62.1,34.0,0.0,999.9,0,615
2,2013,04,16,2013-04-16,46.0,40.5,1028.7,10.0,9.3,15.9,999.9,53.1,37.9,0.0,999.9,0,564
1,2013,03,11,2013-03-11,39.9,34.7,1026.1,10.0,6.5,11.1,999.9,45.0,36.0,0.0,999.9,0,522
1,2013,06,10,2013-06-10,62.2,56.1,1021.3,9.3,6.0,8.9,999.9,72.0,53.1,0.0,999.9,0,624
7,2013,04,14,2013-04-14,46.1,38.4,1015.5,9.6,7.7,13.0,999.9,55.9,39.0,0.09,999.9,0,472
2,2013,10,15,2013-10-15,53.9,47.3,1023.8,10.0,6.3,12.0,999.9,63.0,41.0,0.01,999.9,0,615
4,2013,10,03,2013-10-03,65.8,56.3,1016.4,10.0,6.5,8.9,999.9,75.9,59.0,0.0,999.9,0,590
1,2019,06,17,2019-06-17,66.0,60.9,1014.3,8.1,6.3,12.0,999.9,72.0,59.0,0.0,999.9,1,552
2,2019,06,18,2019-06-18,60.4,58.8,1015.1,5.7,5.2,8.9,999.9,64.0,55.9,0.02,999.9,1,721
7,2019,10,13,2019-10-13,57.6,53.3,1016.5,9.6,6.0,13.0,999.9,64.9,50.0,0.02,999.9,0,441
2,2019,02,05,2019-02-05,43.0,42.1,1014.2,3.0,4.8,9.9,999.9,50.0,34.0,0.0,999.9,1,570
4,2019,07,11,2019-07-11,66.8,65.7,1015.9,2.2,5.8,11.1,999.9,84.9,64.0,0.0,999.9,1,658
6,2019,07,06,2019-07-06,68.9,67.6,1013.9,1.5,7.5,12.0,999.9,73.9,59.0,0.0,999.9,1,471
4,2019,06,27,2019-06-27,61.4,60.1,1019.2,5.6,4.2,8.9,999.9,73.9,57.0,0.13,999.9,1,734
7,2019,08,18,2019-08-18,71.2,69.7,1016.4,4.2,4.0,9.9,999.9,79.0,62.1,0.0,999.9,1,481
4,2019,05,30,2019-05-30,51.3,48.8,1009.2,8.5,6.4,13.0,999.9,57.2,48.2,0.42,999.9,1,625
7,2019,12,22,2019-12-22,41.3,34.9,1026.8,9.6,9.1,15.0,999.9,46.9,28.9,0.0,999.9,0,510
5,2019,08,16,2019-08-16,66.6,64.4,1017.6,7.8,7.0,11.1,999.9,73.9,62.1,0.0,999.9,1,523
2,2019,04,30,2019-04-30,45.6,40.5,1024.6,8.3,7.6,13.0,999.9,54.0,42.1,0.31,999.9,0,587
7,2019,09,15,2019-09-15,68.2,65.3,1020.4,8.8,8.2,12.0,999.9,75.0,52.0,0.02,999.9,0,604
2,2019,08,27,2019-08-27,60.4,54.5,1019.4,10.0,4.7,8.9,999.9,70.0,50.0,0.0,999.9,0,529
6,2019,07,13,2019-07-13,71.9,67.1,1010.7,8.1,7.5,14.0,999.9,80.1,66.0,0.28,999.9,1,558
7,2019,07,28,2019-07-28,66.9,62.9,1020.3,9.6,7.3,15.0,999.9,75.9,55.9,0.0,999.9,0,527
5,2019,08,02,2019-08-02,71.6,64.1,1019.8,7.4,4.7,8.9,999.9,82.9,60.1,0.0,999.9,1,610
2,2019,09,03,2019-09-03,70.0,65.8,1016.3,8.9,6.8,13.0,999.9,75.0,57.9,99.99,999.9,1,652
6,2019,08,17,2019-08-17,67.5,65.3,1017.6,3.8,7.1,11.1,999.9,77.0,62.1,0.0,999.9,1,533
6,2019,07,20,2019-07-20,76.2,72.3,1009.2,6.1,9.1,12.0,999.9,87.1,64.9,0.0,999.9,1,586
2,2019,07,16,2019-07-16,70.3,65.9,1017.6,8.7,5.3,8.9,999.9,79.0,60.1,0.0,999.9,1,658
1,2019,11,04,2019-11-04,48.1,30.0,1026.3,10.0,7.5,12.0,999.9,55.9,42.1,0.0,999.9,0,623
5,2019,08,09,2019-08-09,73.7,67.3,1006.1,8.9,10.4,15.9,999.9,78.1,69.1,0.0,999.9,0,645
2,2019,06,25,2019-06-25,61.5,59.5,1013.4,6.0,8.5,12.0,999.9,79.0,57.9,0.0,999.9,1,662
4,2019,09,26,2019-09-26,64.7,61.4,1010.9,9.9,8.0,13.0,999.9,72.0,57.0,0.0,999.9,0,645
2,2019,11,26,2019-11-26,46.5,42.5,1015.7,10.0,5.4,9.9,999.9,55.9,35.1,0.0,999.9,1,702
4,2019,04,25,2019-04-25,47.7,40.9,1013.3,9.9,5.6,8.9,999.9,66.0,39.9,0.02,999.9,0,518
1,2019,07,08,2019-07-08,64.9,56.7,1014.7,10.0,4.2,7.0,999.9,75.0,54.0,0.0,999.9,0,592
5,2019,03,29,2019-03-29,44.4,40.2,1022.1,10.0,11.7,15.9,999.9,51.1,28.0,0.0,999.9,0,563
7,2019,06,09,2019-06-09,57.7,43.7,1026.7,10.0,5.3,8.9,999.9,69.1,45.0,0.0,999.9,0,526
5,2019,09,20,2019-09-20,58.8,50.6,1022.2,10.0,6.6,12.0,999.9,69.1,45.0,0.0,999.9,0,688
2,2019,08,20,2019-08-20,75.5,68.2,1017.0,10.0,6.8,9.9,999.9,82.9,66.9,0.0,999.9,0,574
5,2019,08,23,2019-08-23,72.0,65.8,1013.2,9.4,7.2,13.0,999.9,80.1,66.9,0.0,999.9,0,569
5,2019,08,30,2019-08-30,68.0,63.3,1015.6,9.2,7.9,14.0,999.9,75.0,57.9,0.0,999.9,0,630
4,2015,09,03,2015-09-03,74.5,70.0,1011.5,7.5,6.0,999.9,999.9,81.0,69.1,0.0,999.9,0,665
5,2015,12,25,2015-12-25,56.1,52.9,1021.2,4.0,4.4,13.0,999.9,66.0,50.0,0.37,999.9,1,321
6,2015,05,09,2015-05-09,54.3,50.9,1026.1,4.4,6.4,11.1,999.9,64.9,46.9,0.0,999.9,1,560
6,2015,05,30,2015-05-30,63.3,59.9,1023.5,4.2,8.5,15.0,999.9,75.9,57.9,0.0,999.9,1,622
2,2015,10,13,2015-10-13,64.4,61.2,1003.5,6.5,8.3,12.0,999.9,73.9,50.0,0.18,999.9,1,724
5,2015,12,11,2015-12-11,52.2,50.0,1014.0,6.1,5.8,11.1,999.9,57.9,46.0,0.0,999.9,1,694
1,2015,06,01,2015-06-01,55.9,52.8,1021.5,4.9,12.7,19.0,999.9,71.1,53.1,0.0,999.9,0,691
7,2015,03,01,2015-03-01,23.1,14.2,1037.5,9.1,5.1,8.9,999.9,30.9,10.0,0.0,999.9,0,693
6,2015,07,11,2015-07-11,71.8,62.1,1015.9,10.0,8.4,14.0,999.9,81.0,60.1,0.0,999.9,0,597
2,2015,10,27,2015-10-27,46.7,36.2,1034.1,10.0,5.9,8.9,999.9,57.0,36.0,0.0,999.9,0,631
1,2015,11,16,2015-11-16,54.0,41.2,1020.4,10.0,8.3,11.1,999.9,60.1,41.0,0.0,999.9,0,618
1,2015,04,13,2015-04-13,45.0,38.2,1027.8,10.0,9.1,12.0,999.9,54.0,32.0,0.0,999.9,0,554
7,2015,10,11,2015-10-11,56.0,46.7,1015.6,10.0,8.1,14.0,999.9,64.0,44.1,0.0,999.9,0,559
2,2015,05,19,2015-05-19,51.4,49.9,1015.7,2.3,8.6,13.0,999.9,61.0,46.0,0.0,999.9,1,606
1,2015,06,29,2015-06-29,64.3,59.4,1010.8,7.4,9.7,15.9,999.9,71.1,57.0,0.11,999.9,1,662
6,2015,08,15,2015-08-15,71.8,67.0,1020.0,8.2,6.7,11.1,999.9,81.0,62.1,0.0,999.9,1,582
2,2015,03,24,2015-03-24,31.4,16.3,1024.7,10.0,6.7,11.1,999.9,37.9,21.0,0.0,999.9,0,601
1,2015,07,06,2015-07-06,69.2,64.4,1021.3,8.8,8.2,14.0,999.9,78.1,55.0,0.0,999.9,0,598
2,2015,08,18,2015-08-18,74.5,71.0,1017.7,8.8,8.8,12.0,999.9,82.9,70.0,0.0,999.9,1,623
3,2015,01,21,2015-01-21,32.3,17.7,1018.1,10.0,7.9,13.0,999.9,39.0,25.0,0.0,999.9,0,495
5,2015,08,28,2015-08-28,71.4,59.5,1019.4,10.0,6.6,9.9,999.9,80.1,62.1,0.0,999.9,0,609
6,2016,08,27,2016-08-27,74.4,64.2,1020.3,7.7,8.3,14.0,999.9,81.0,66.9,0.0,999.9,1,624
7,2016,08,21,2016-08-21,68.3,63.6,1014.5,9.6,9.0,13.0,999.9,75.9,63.0,0.0,999.9,0,512
3,2016,04,27,2016-04-27,45.0,36.9,1011.9,10.0,7.8,12.0,999.9,51.1,41.0,0.24,999.9,0,510
6,2016,08,06,2016-08-06,71.3,67.5,1009.4,9.8,10.7,15.0,999.9,75.9,55.0,0.0,999.9,0,578
3,2016,01,27,2016-01-27,43.0,36.7,1014.0,7.5,9.4,15.0,999.9,48.0,36.0,0.0,999.9,0,670
4,2016,07,28,2016-07-28,72.2,69.0,1013.1,9.7,7.2,11.1,999.9,81.0,68.0,0.0,999.9,0,709
2,2016,08,30,2016-08-30,67.7,59.2,1020.0,10.0,6.1,8.9,999.9,82.9,59.0,0.0,999.9,0,622
4,2016,01,07,2016-01-07,40.5,29.9,1026.9,10.0,6.8,13.0,999.9,46.9,24.1,0.0,999.9,0,542
6,2016,11,26,2016-11-26,47.0,45.0,1018.2,6.8,6.3,14.0,999.9,48.9,41.0,0.0,999.9,1,463
5,2016,05,13,2016-05-13,55.5,51.7,1014.8,6.6,8.3,14.0,999.9,68.0,42.1,0.0,999.9,1,766
7,2016,09,18,2016-09-18,70.6,67.3,1019.6,9.3,11.1,14.0,999.9,75.0,66.9,0.0,999.9,0,535
3,2016,08,24,2016-08-24,70.1,63.3,1024.3,10.0,8.5,12.0,999.9,77.0,63.0,0.0,999.9,0,635
3,2016,06,15,2016-06-15,63.7,55.0,1011.7,10.0,8.9,14.0,999.9,73.9,55.0,0.0,999.9,0,739
3,2016,08,10,2016-08-10,70.6,67.2,1023.2,9.9,8.6,14.0,999.9,80.1,64.0,0.0,999.9,0,618
4,2016,08,18,2016-08-18,71.5,65.7,1015.5,9.9,6.1,12.0,999.9,82.0,64.9,0.0,999.9,0,635
3,2016,01,06,2016-01-06,33.5,19.3,1033.1,10.0,8.3,17.1,999.9,45.0,21.0,0.0,999.9,0,625
1,2016,08,01,2016-08-01,68.2,62.4,1018.3,9.3,9.2,14.0,999.9,75.0,64.0,0.55,999.9,0,569
3,2016,03,09,2016-03-09,46.4,41.8,1020.9,8.0,9.4,14.0,999.9,55.0,37.9,0.0,999.9,0,660
1,2016,04,11,2016-04-11,47.8,38.9,1026.0,9.9,12.8,17.1,999.9,55.0,35.1,0.0,999.9,0,624
1,2016,09,12,2016-09-12,65.1,52.1,1021.9,10.0,7.9,15.9,999.9,78.1,55.9,0.0,999.9,0,648
3,2019,06,19,2019-06-19,62.3,59.6,1011.6,6.7,6.8,9.9,999.9,69.1,57.9,0.32,999.9,1,591
4,2019,06,20,2019-06-20,61.0,59.3,1003.1,3.0,8.1,12.0,999.9,64.0,57.0,0.12,999.9,1,697
6,2019,06,01,2019-06-01,55.3,53.2,1010.9,6.2,6.0,13.0,999.9,72.0,48.9,0.15,999.9,1,557
7,2019,11,10,2019-11-10,48.3,37.2,1019.5,10.0,8.8,17.1,999.9,54.0,32.0,0.0,999.9,0,457
2,2019,09,10,2019-09-10,62.8,57.5,1027.3,10.0,6.2,8.9,999.9,72.0,57.0,0.0,999.9,0,605
1,2019,10,14,2019-10-14,57.7,55.9,1015.7,7.1,6.5,12.0,999.9,66.9,48.0,0.25,999.9,1,400
6,2019,12,21,2019-12-21,33.3,25.6,1035.1,10.0,5.2,8.9,999.9,39.9,19.9,0.0,999.9,0,520
7,2019,04,14,2019-04-14,50.8,48.7,1014.4,2.7,7.7,13.0,999.9,68.0,45.0,0.04,999.9,1,457
2,2019,01,08,2019-01-08,36.3,30.8,1025.7,6.7,9.3,19.0,999.9,46.9,21.9,0.0,999.9,1,571
3,2019,10,30,2019-10-30,57.8,54.9,1025.6,8.4,7.9,13.0,999.9,64.0,53.1,0.0,999.9,0,595
4,2019,08,22,2019-08-22,74.6,72.8,1011.5,7.2,8.1,13.0,999.9,80.1,66.0,0.0,999.9,1,587
2,2019,08,06,2019-08-06,68.9,65.5,1013.4,9.8,7.2,9.9,999.9,77.0,63.0,0.0,999.9,0,551
5,2019,01,18,2019-01-18,33.2,28.1,1023.0,8.3,6.8,13.0,999.9,39.9,23.0,0.0,999.9,0,596
6,2019,12,28,2019-12-28,44.5,39.1,1019.1,9.0,9.1,14.0,999.9,48.2,37.0,0.0,999.9,0,355
7,2019,07,14,2019-07-14,71.8,68.1,1011.9,7.9,9.6,14.0,999.9,79.0,66.0,0.0,999.9,1,497
4,2019,03,28,2019-03-28,36.3,27.9,1031.6,10.0,9.1,14.0,999.9,45.0,26.1,0.0,999.9,0,644
1,2019,02,04,2019-02-04,39.7,36.7,1019.4,7.5,7.3,9.9,999.9,48.9,28.0,0.0,999.9,0,651
5,2019,10,25,2019-10-25,55.9,51.1,1025.2,9.6,6.0,9.9,999.9,64.0,43.0,0.0,999.9,1,647
1,2019,03,25,2019-03-25,42.5,32.5,1016.8,9.8,11.0,17.1,999.9,48.0,32.0,0.0,999.9,0,526
3,2019,06,12,2019-06-12,62.9,51.9,1019.8,10.0,8.2,15.0,999.9,73.9,57.0,0.57,999.9,0,686
4,2019,05,16,2019-05-16,53.3,47.6,1010.2,10.0,8.2,13.0,999.9,64.0,43.0,0.0,999.9,0,642
1,2019,09,02,2019-09-02,64.9,60.9,1021.2,10.0,6.4,9.9,999.9,73.0,55.9,0.0,999.9,0,427
6,2019,09,14,2019-09-14,60.7,54.2,1028.6,10.0,10.4,15.9,999.9,69.1,52.0,0.0,999.9,0,488
3,2019,01,23,2019-01-23,31.6,23.8,1029.6,9.4,8.3,13.0,999.9,42.1,8.1,0.0,999.9,0,553
4,2019,03,14,2019-03-14,39.0,33.6,1026.2,10.0,7.2,11.1,999.9,46.0,28.0,0.0,999.9,0,611
6,2019,03,30,2019-03-30,46.1,42.4,1020.5,9.4,7.7,15.9,999.9,54.0,36.0,0.0,999.9,0,516
4,2015,09,17,2015-09-17,69.3,65.6,1020.7,7.8,5.9,8.9,999.9,75.9,48.9,0.0,999.9,1,744
3,2015,02,18,2015-02-18,30.6,24.5,1010.4,10.0,8.8,13.0,999.9,36.0,16.0,0.0,999.9,0,626
3,2015,08,19,2015-08-19,73.9,70.1,1018.9,6.3,5.4,8.9,999.9,81.0,69.1,0.0,999.9,1,594
3,2015,07,08,2015-07-08,70.6,67.8,1014.3,3.8,9.8,15.0,999.9,75.9,62.1,0.0,999.9,1,620
3,2015,02,04,2015-02-04,28.1,18.4,1024.9,10.0,7.6,12.0,999.9,39.9,14.0,0.0,999.9,0,585
6,2015,07,18,2015-07-18,67.8,60.5,1017.0,10.0,9.7,13.0,999.9,73.9,55.0,0.0,999.9,0,561
1,2015,08,24,2015-08-24,71.7,69.2,1013.1,3.8,5.4,8.9,999.9,81.0,68.0,0.0,999.9,1,575
6,2015,08,22,2015-08-22,73.9,71.1,1017.2,4.8,6.0,8.9,999.9,82.0,70.0,0.0,999.9,1,581
5,2015,05,29,2015-05-29,65.4,57.4,1024.6,9.2,5.7,9.9,999.9,75.9,60.1,0.0,999.9,0,813
1,2015,06,08,2015-06-08,59.6,51.8,1018.6,10.0,10.6,15.9,999.9,69.1,51.1,0.0,999.9,0,634
4,2015,09,24,2015-09-24,61.5,54.2,1024.2,10.0,9.2,20.0,999.9,73.0,50.0,0.0,999.9,0,619
6,2015,07,04,2015-07-04,62.9,55.4,1015.2,8.0,6.2,11.1,999.9,77.0,55.9,0.0,999.9,0,389
7,2015,05,03,2015-05-03,44.5,38.0,1019.0,9.9,5.3,11.1,999.9,53.1,32.0,0.0,999.9,1,555
5,2015,01,23,2015-01-23,31.6,20.4,1022.8,10.0,10.4,15.9,999.9,39.0,27.0,0.09,999.9,0,598
4,2015,06,25,2015-06-25,68.7,57.9,1015.5,10.0,7.4,11.1,999.9,79.0,62.1,0.0,999.9,0,670
1,2015,10,12,2015-10-12,60.2,55.1,1011.2,9.7,7.6,11.1,999.9,68.0,46.0,0.0,999.9,0,505
7,2015,08,16,2015-08-16,74.3,68.8,1019.1,9.5,8.5,12.0,999.9,82.0,70.0,0.0,999.9,0,552
7,2015,06,07,2015-06-07,59.5,45.8,1020.5,10.0,7.7,11.1,999.9,69.1,51.1,0.14,999.9,0,559
4,2015,08,06,2015-08-06,73.5,59.6,1012.4,10.0,9.3,15.0,999.9,81.0,66.9,0.0,999.9,0,630
5,2015,07,24,2015-07-24,71.7,60.3,1012.2,10.0,7.5,12.0,999.9,80.1,62.1,0.0,999.9,0,490
6,2015,02,07,2015-02-07,27.4,16.0,1019.2,9.5,10.3,15.9,999.9,33.1,10.9,0.0,999.9,0,449
3,2015,11,04,2015-11-04,57.0,49.3,1026.2,9.7,7.4,11.1,999.9,64.0,43.0,0.0,999.9,0,672
7,2015,07,05,2015-07-05,65.8,59.5,1017.5,9.3,8.2,15.0,999.9,73.9,55.0,0.0,999.9,0,467
4,2015,10,15,2015-10-15,57.1,42.0,1012.2,10.0,10.4,14.0,999.9,68.0,52.0,0.0,999.9,0,683
7,2015,08,30,2015-08-30,72.6,66.8,1018.9,10.0,8.5,14.0,999.9,80.1,63.0,0.0,999.9,0,563
4,2015,11,26,2015-11-26,50.1,41.2,1044.2,10.0,10.8,14.0,999.9,57.0,28.9,0.0,999.9,0,383
3,2015,03,25,2015-03-25,33.6,24.1,1028.8,9.9,6.7,11.1,999.9,44.1,24.1,0.0,999.9,0,538
7,2015,11,01,2015-11-01,57.0,49.8,1016.1,9.9,8.7,15.9,999.9,62.1,52.0,0.0,999.9,0,312
7,2015,05,10,2015-05-10,57.0,54.8,1023.5,0.8,8.3,17.1,999.9,64.9,50.0,0.01,999.9,1,549
5,2015,01,30,2015-01-30,35.1,31.1,1012.2,8.4,8.1,15.0,999.9,41.0,23.0,0.0,999.9,0,622
6,2015,09,19,2015-09-19,70.4,66.2,1015.3,6.6,5.2,12.0,999.9,77.0,63.0,0.01,999.9,1,655
2,2015,11,03,2015-11-03,54.4,50.7,1020.7,8.2,6.4,14.0,999.9,64.9,43.0,0.0,999.9,1,655
6,2015,02,21,2015-02-21,21.9,10.6,1031.6,10.0,8.5,15.9,999.9,37.0,3.9,0.0,999.9,0,517
4,2015,07,02,2015-07-02,68.7,62.5,1011.7,7.1,7.0,12.0,999.9,77.0,61.0,0.0,999.9,0,603
6,2015,03,21,2015-03-21,34.2,31.0,1016.6,7.0,8.5,13.0,999.9,41.0,21.9,0.02,999.9,0,507
1,2015,12,14,2015-12-14,52.6,48.2,1016.4,6.7,7.9,12.0,999.9,57.0,50.0,0.0,999.9,1,637
3,2015,08,26,2015-08-26,73.8,68.1,1012.5,9.2,7.4,14.0,999.9,81.0,68.0,0.3,999.9,0,606
5,2015,06,05,2015-06-05,53.1,46.6,1021.2,10.0,7.3,11.1,999.9,60.1,43.0,0.0,999.9,0,692
2,2014,06,10,2014-06-10,63.8,60.7,1015.8,8.7,5.6,8.9,999.9,66.9,61.0,0.03,999.9,0,569
7,2014,06,29,2014-06-29,64.7,57.9,1024.0,9.5,5.0,8.9,999.9,72.0,55.9,0.01,999.9,0,537
4,2014,08,21,2014-08-21,67.1,60.6,1017.5,10.0,7.7,12.0,999.9,73.0,52.0,0.01,999.9,0,567
4,2014,05,22,2014-05-22,50.3,46.2,1013.1,8.6,6.0,13.0,999.9,57.0,46.0,0.0,999.9,1,593
6,2014,07,12,2014-07-12,65.7,58.8,1023.4,9.9,4.4,9.9,999.9,75.9,57.9,0.01,999.9,0,550
2,2014,06,03,2014-06-03,58.2,47.9,1016.6,10.0,8.8,15.0,999.9,69.1,46.9,0.0,999.9,0,663
5,2014,12,19,2014-12-19,37.3,26.2,1012.9,10.0,9.6,15.9,999.9,46.0,34.0,0.0,999.9,0,652
2,2014,02,04,2014-02-04,32.5,26.2,1027.2,10.0,7.8,14.0,999.9,41.0,27.0,0.61,999.9,0,613
3,2014,06,25,2014-06-25,66.8,61.6,1017.0,9.9,8.3,13.0,999.9,73.9,61.0,0.0,999.9,0,646
6,2014,03,01,2014-03-01,24.1,12.5,1029.1,10.0,5.2,11.1,999.9,35.1,12.0,0.0,999.9,0,497
6,2014,08,09,2014-08-09,70.4,61.3,1017.2,9.9,6.4,8.9,999.9,78.1,60.1,0.0,999.9,0,538
4,2014,07,03,2014-07-03,69.1,67.3,1015.3,1.8,8.5,12.0,999.9,75.9,66.0,0.0,999.9,1,740
3,2014,12,10,2014-12-10,47.9,44.8,999.6,8.4,8.6,15.9,999.9,57.0,44.1,2.11,999.9,0,649
5,2014,01,10,2014-01-10,28.8,22.6,1034.1,9.7,5.8,11.1,999.9,39.2,12.9,0.0,999.9,0,667
6,2014,02,01,2014-02-01,35.6,25.1,1024.8,10.0,4.8,8.0,999.9,41.0,30.9,0.0,999.9,0,507
3,2014,10,15,2014-10-15,64.9,62.1,1021.0,9.9,9.5,12.0,999.9,70.0,61.0,0.01,999.9,0,575
7,2014,05,25,2014-05-25,53.7,44.4,1018.2,10.0,5.4,8.9,999.9,59.0,48.0,0.0,999.9,0,472
6,2014,06,07,2014-06-07,65.6,54.0,1012.5,9.9,8.6,12.0,999.9,73.9,57.0,0.0,999.9,0,623
5,2014,08,08,2014-08-08,66.3,57.6,1014.9,10.0,7.4,14.0,999.9,77.0,59.0,0.19,999.9,0,601
7,2014,08,10,2014-08-10,69.1,61.4,1019.2,9.8,4.6,8.0,999.9,81.0,57.9,0.01,999.9,0,512
3,2014,05,07,2014-05-07,51.6,38.3,1019.8,10.0,6.8,11.1,999.9,60.1,46.0,0.0,999.9,0,603
3,2014,05,21,2014-05-21,56.3,47.6,1014.9,10.0,6.0,9.9,999.9,68.0,45.0,0.0,999.9,0,575
2,2013,01,29,2013-01-29,35.4,34.9,1019.0,2.6,4.9,9.9,999.9,37.4,33.1,0.08,999.9,1,542
3,2013,01,09,2013-01-09,39.9,37.6,1026.2,6.8,5.3,11.1,999.9,46.0,28.0,0.0,999.9,1,487
3,2013,07,31,2013-07-31,70.6,62.6,1019.3,10.0,6.7,8.9,999.9,78.1,64.9,0.0,999.9,0,553
3,2013,12,04,2013-12-04,39.8,31.7,1017.2,9.8,6.4,11.1,999.9,45.0,30.9,0.0,999.9,0,520
6,2013,11,16,2013-11-16,51.2,43.6,1025.0,9.6,6.5,9.9,999.9,57.9,46.9,0.0,999.9,0,612
4,2013,06,20,2013-06-20,60.6,53.1,1023.9,9.6,5.6,12.0,999.9,69.1,52.0,0.1,999.9,0,681
6,2013,06,22,2013-06-22,63.4,58.5,1024.6,10.0,8.2,12.0,999.9,71.1,59.0,0.0,999.9,0,599
4,2013,10,17,2013-10-17,59.4,57.4,1011.5,7.9,6.1,11.1,999.9,63.0,55.0,0.01,999.9,0,574
7,2013,06,23,2013-06-23,64.9,60.9,1021.8,9.8,9.0,14.0,999.9,70.0,61.0,0.01,999.9,0,505
7,2013,03,03,2013-03-03,37.4,29.3,1002.6,10.0,7.1,11.1,999.9,39.9,36.0,0.0,999.9,0,502
1,2013,07,15,2013-07-15,76.3,71.2,1021.6,9.3,5.7,9.9,999.9,82.9,69.1,0.0,999.9,0,581
2,2013,11,05,2013-11-05,43.5,30.4,1037.8,10.0,3.9,7.0,999.9,50.0,37.9,0.0,999.9,0,510
7,2013,06,09,2013-06-09,63.6,57.2,1019.3,6.9,8.1,13.0,999.9,72.0,53.1,0.01,999.9,1,533
7,2013,08,18,2013-08-18,64.8,58.4,1023.8,8.4,3.3,8.0,999.9,75.9,55.9,0.01,999.9,1,442
6,2013,04,27,2013-04-27,46.6,34.7,1029.1,8.6,3.9,8.0,999.9,55.9,35.1,0.0,999.9,1,517
7,2013,05,19,2013-05-19,56.3,49.4,1027.4,9.3,6.6,12.0,999.9,63.0,46.9,0.0,999.9,0,544
6,2013,09,28,2013-09-28,59.2,50.1,1024.6,10.0,7.4,11.1,999.9,69.1,50.0,0.0,999.9,0,547
5,2013,09,06,2013-09-06,60.3,47.8,1021.1,10.0,5.3,12.0,999.9,75.9,52.0,0.0,999.9,0,524
2,2013,01,15,2013-01-15,42.3,38.3,1023.1,9.5,8.0,15.0,999.9,48.9,39.0,0.24,999.9,0,516
7,2013,06,30,2013-06-30,65.4,64.2,1012.1,1.9,8.8,14.0,999.9,69.1,64.0,0.05,999.9,1,423
2,2013,08,20,2013-08-20,71.0,64.7,1017.3,9.5,7.0,11.1,999.9,78.1,57.0,0.01,999.9,0,542
2,2013,05,21,2013-05-21,58.0,55.5,1014.3,0.3,7.8,14.0,999.9,61.0,55.4,0.24,999.9,1,697
2,2013,06,04,2013-06-04,61.8,51.0,1012.5,7.5,8.7,15.0,999.9,66.0,57.2,0.34,999.9,1,613
5,2013,04,26,2013-04-26,49.5,37.8,1026.9,9.5,6.5,12.0,999.9,61.0,37.9,0.06,999.9,0,675
1,2013,04,15,2013-04-15,46.1,34.2,1026.0,10.0,8.1,11.1,999.9,53.1,39.0,0.0,999.9,0,603
5,2013,08,16,2013-08-16,67.4,59.7,1021.2,10.0,8.2,12.0,999.9,73.0,62.1,0.0,999.9,0,678
2,2013,10,01,2013-10-01,62.1,51.8,1012.9,10.0,8.0,15.0,999.9,70.0,53.1,0.0,999.9,0,616
4,2012,10,04,2012-10-04,68.6,66.2,1019.0,2.9,2.2,13.0,999.9,73.4,62.6,0.01,999.9,1,554
6,2012,08,18,2012-08-18,69.8,63.7,1011.3,8.4,4.1,9.9,999.9,78.1,62.6,0.01,999.9,0,540
5,2012,12,07,2012-12-07,38.8,30.9,1022.7,7.9,1.9,12.0,999.9,48.2,26.6,0.0,999.9,0,714
7,2012,12,02,2012-12-02,44.3,41.0,1026.9,3.9,3.0,15.0,999.9,53.6,41.0,0.08,999.9,1,455
4,2012,11,22,2012-11-22,47.3,36.2,1023.4,10.0,3.4,15.9,999.9,54.0,42.1,0.0,999.9,0,384
7,2012,08,19,2012-08-19,68.7,55.0,1014.2,10.0,1.3,12.0,999.9,75.0,62.1,0.23,999.9,0,467
3,2012,10,24,2012-10-24,57.1,53.5,1019.9,6.4,4.1,9.9,999.9,59.0,51.8,0.07,999.9,0,494
3,2012,10,17,2012-10-17,51.9,38.0,1014.3,10.0,1.3,11.1,999.9,60.1,44.1,0.0,999.9,0,615
5,2012,08,24,2012-08-24,77.3,60.9,1020.7,9.3,2.0,7.0,999.9,87.1,66.0,0.0,999.9,0,601
7,2012,07,15,2012-07-15,79.7,68.6,1018.3,9.1,2.8,13.0,999.9,87.1,70.0,0.0,999.9,0,494
4,2017,09,14,2017-09-14,67.4,67.2,1012.6,5.1,9.0,14.0,999.9,75.0,63.0,0.0,999.9,1,728
4,2017,02,23,2017-02-23,44.0,41.7,1012.7,5.2,8.2,14.0,999.9,48.9,37.0,0.0,999.9,1,581
6,2017,07,15,2017-07-15,64.3,62.7,1013.9,8.4,5.6,11.1,999.9,72.0,60.1,0.11,999.9,0,649
1,2017,09,11,2017-09-11,63.6,53.9,1023.1,10.0,7.9,14.0,999.9,72.0,52.0,0.0,999.9,0,735
6,2017,10,28,2017-10-28,55.1,51.2,1019.0,10.0,6.7,13.0,999.9,63.0,42.1,0.0,999.9,0,615
3,2017,06,28,2017-06-28,65.4,58.0,1016.7,9.9,9.9,18.1,999.9,71.1,57.9,0.0,999.9,0,730
3,2017,09,13,2017-09-13,67.5,63.4,1011.8,9.5,8.0,13.0,999.9,75.0,60.1,0.0,999.9,0,738
4,2017,07,06,2017-07-06,61.7,59.9,1021.8,9.9,5.9,8.0,999.9,78.1,53.1,0.0,999.9,0,611
5,2017,07,28,2017-07-28,69.2,66.9,1011.3,10.0,8.5,11.1,999.9,77.0,55.9,0.02,999.9,0,685
5,2017,08,18,2017-08-18,66.6,65.6,1015.2,8.0,8.8,13.0,999.9,73.9,57.9,0.0,999.9,0,612
5,2017,06,02,2017-06-02,58.2,48.2,1013.4,8.3,8.2,12.0,999.9,66.0,52.0,0.0,999.9,1,737
1,2017,07,03,2017-07-03,70.9,66.1,1013.9,8.2,9.5,14.0,999.9,82.0,64.9,0.0,999.9,1,617
7,2017,10,08,2017-10-08,65.8,65.6,1017.4,9.2,12.8,15.9,999.9,71.1,61.0,0.0,999.9,0,521
6,2017,06,10,2017-06-10,60.4,54.5,1013.9,9.3,9.1,14.0,999.9,70.0,54.0,0.0,999.9,0,665
6,2017,02,25,2017-02-25,49.8,46.6,1010.5,6.5,10.1,15.9,999.9,57.9,44.1,0.0,999.9,1,573
4,2017,08,03,2017-08-03,67.5,66.0,1020.6,9.1,5.8,8.9,999.9,75.0,61.0,0.0,999.9,1,713
6,2017,10,21,2017-10-21,58.8,50.3,1024.1,10.0,7.0,12.0,999.9,68.0,46.9,0.0,999.9,0,583
2,2017,08,01,2017-08-01,68.2,64.8,1017.1,10.0,8.6,12.0,999.9,75.9,50.0,0.0,999.9,0,705
4,2017,08,17,2017-08-17,68.0,60.8,1016.6,9.1,5.2,8.9,999.9,79.0,62.1,0.0,999.9,0,639
4,2017,11,02,2017-11-02,58.9,56.1,1026.9,10.0,10.4,15.9,999.9,64.0,55.0,0.0,999.9,0,746
7,2017,06,11,2017-06-11,61.5,55.8,1017.4,9.3,11.3,15.0,999.9,70.0,55.9,0.0,999.9,0,702
3,2017,11,01,2017-11-01,50.6,39.9,1026.5,10.0,6.7,14.0,999.9,61.0,37.9,0.0,999.9,0,607
2,2017,02,21,2017-02-21,37.1,26.6,1026.3,10.0,6.9,12.0,999.9,46.0,30.0,0.0,999.9,0,483
6,2016,09,10,2016-09-10,71.9,67.0,1016.5,6.7,7.0,14.0,999.9,79.0,68.0,0.0,999.9,1,598
2,2016,07,05,2016-07-05,67.1,65.3,1009.7,6.2,9.2,15.0,999.9,75.9,64.0,0.62,999.9,1,663
5,2016,07,29,2016-07-29,70.8,68.3,1011.1,6.0,5.8,14.0,999.9,78.1,66.9,0.0,999.9,1,774
1,2016,02,15,2016-02-15,18.6,7.0,1034.4,9.3,6.0,18.1,999.9,35.6,8.1,0.0,999.9,0,291
2,2016,07,12,2016-07-12,66.7,61.2,1019.1,10.0,7.3,13.0,999.9,78.1,55.0,0.0,999.9,0,662
4,2016,08,25,2016-08-25,71.7,66.5,1020.5,10.0,10.4,14.0,999.9,77.0,63.0,0.0,999.9,0,659
6,2016,03,12,2016-03-12,41.2,35.4,1024.0,8.8,6.6,14.0,999.9,55.0,30.9,0.02,999.9,0,625
4,2016,05,12,2016-05-12,55.2,45.5,1020.0,9.4,4.4,8.9,999.9,68.0,42.1,0.0,999.9,0,744
3,2016,11,09,2016-11-09,51.6,46.1,1009.9,8.8,4.6,8.9,999.9,61.0,39.0,0.0,999.9,1,541
4,2016,08,04,2016-08-04,64.2,57.8,1021.4,10.0,4.6,9.9,999.9,73.9,55.9,0.0,999.9,0,715
4,2016,03,10,2016-03-10,49.6,43.8,1014.8,7.6,10.9,15.9,999.9,62.1,41.0,0.0,999.9,0,629
6,2016,05,21,2016-05-21,55.7,48.8,1021.0,9.7,6.5,9.9,999.9,70.0,46.0,0.0,999.9,0,568
5,2016,09,09,2016-09-09,71.4,68.3,1011.2,5.9,10.3,13.0,999.9,79.0,66.0,0.16,999.9,1,715
6,2016,10,08,2016-10-08,58.7,55.5,1020.5,8.5,7.7,14.0,999.9,70.0,44.1,0.0,999.9,1,633
4,2016,09,08,2016-09-08,68.5,66.8,1012.0,6.3,9.0,13.0,999.9,77.0,66.0,0.01,999.9,1,717
2,2016,06,07,2016-06-07,61.2,59.8,1002.7,3.8,8.7,14.0,999.9,69.1,59.0,0.0,999.9,1,709
6,2016,07,30,2016-07-30,70.8,66.9,1015.0,9.0,5.3,9.9,999.9,78.1,64.9,0.81,999.9,0,599
1,2016,10,17,2016-10-17,64.5,59.0,1013.4,8.4,10.0,17.1,999.9,72.0,60.1,0.0,999.9,0,585
3,2016,10,19,2016-10-19,65.6,62.5,1013.9,6.4,11.2,15.0,999.9,71.1,59.0,0.0,999.9,0,676
2,2016,09,13,2016-09-13,64.1,55.9,1023.0,10.0,8.9,13.0,999.9,71.1,55.9,0.0,999.9,0,779
7,2016,02,21,2016-02-21,46.8,38.5,1010.7,8.4,11.2,14.0,999.9,54.0,39.0,0.0,999.9,0,481
4,2016,09,01,2016-09-01,71.5,67.0,1011.2,9.7,6.8,8.9,999.9,77.0,66.9,0.0,999.9,0,675
4,2016,04,28,2016-04-28,47.7,34.1,1015.8,10.0,10.1,15.0,999.9,54.0,41.0,0.0,999.9,0,489
7,2016,05,01,2016-05-01,45.2,36.3,1024.0,9.7,6.1,13.0,999.9,55.0,37.0,0.0,999.9,0,484
3,2012,08,01,2012-08-01,72.2,68.4,1012.4,7.8,2.5,9.9,999.9,78.1,66.9,0.55,999.9,1,616
2,2012,07,03,2012-07-03,79.8,56.7,1012.8,10.0,2.9,12.0,999.9,88.0,63.0,0.0,999.9,0,664
4,2012,10,25,2012-10-25,58.0,51.3,1023.9,10.0,3.0,8.9,999.9,61.0,43.0,0.0,999.9,0,511
2,2012,11,27,2012-11-27,38.7,27.2,1024.2,7.0,4.4,9.9,999.9,44.6,33.8,0.0,999.9,0,583
2,2012,07,31,2012-07-31,73.4,64.3,1016.7,10.0,3.8,14.0,999.9,80.1,60.1,0.0,999.9,0,540
3,2012,08,08,2012-08-08,77.8,67.1,1014.7,8.8,1.1,8.0,999.9,86.0,64.0,0.0,999.9,0,528
7,2012,07,22,2012-07-22,72.5,59.4,1020.3,10.0,2.0,8.0,999.9,82.0,54.0,0.0,999.9,0,498
1,2012,12,03,2012-12-03,53.5,45.3,1021.4,7.0,3.9,15.0,999.9,60.1,39.2,0.04,999.9,0,621
7,2013,09,29,2013-09-29,54.9,50.1,1022.8,10.0,7.8,13.0,999.9,69.1,45.0,0.01,999.9,0,506
4,2013,07,18,2013-07-18,75.6,69.6,1016.6,8.1,6.8,14.0,999.9,88.0,68.0,0.0,999.9,0,636
3,2013,09,25,2013-09-25,55.3,45.3,1012.3,10.0,4.5,8.9,999.9,64.0,44.1,0.0,999.9,0,539
1,2013,08,12,2013-08-12,68.2,63.2,1016.8,10.0,7.2,11.1,999.9,75.0,60.1,0.0,999.9,0,519
4,2013,11,21,2013-11-21,39.0,26.7,1035.0,10.0,4.9,9.9,999.9,48.0,30.9,0.0,999.9,0,628
6,2013,11,30,2013-11-30,31.3,15.4,1038.9,10.0,6.5,12.0,999.9,37.9,25.0,0.0,999.9,0,479
7,2013,07,14,2013-07-14,72.9,70.5,1025.1,4.5,5.3,14.0,999.9,79.0,66.0,0.01,999.9,1,471
3,2013,06,05,2013-06-05,58.6,45.6,1020.5,9.8,5.7,8.9,999.9,68.0,48.9,0.0,999.9,0,599
2,2013,08,27,2013-08-27,68.0,66.6,1011.8,4.5,8.0,14.0,999.9,70.0,64.4,0.39,999.9,1,506
2,2013,09,03,2013-09-03,70.1,69.0,1008.1,2.0,6.8,11.1,999.9,75.9,66.0,0.05,999.9,1,551
7,2013,09,01,2013-09-01,70.7,68.3,1012.4,7.5,10.1,13.0,999.9,75.9,66.9,0.0,999.9,0,480
1,2013,07,29,2013-07-29,69.2,67.1,1017.1,6.5,5.3,9.9,999.9,73.9,64.0,0.02,999.9,0,597
6,2013,10,05,2013-10-05,61.3,57.7,1018.0,9.6,4.2,8.0,999.9,72.0,54.0,0.13,999.9,0,497
3,2013,08,28,2013-08-28,66.4,64.6,1012.0,3.9,6.8,9.9,999.9,72.0,62.6,0.67,999.9,1,482
1,2013,07,22,2013-07-22,68.3,65.9,1015.1,5.6,5.1,8.0,999.9,78.1,64.0,0.17,999.9,1,591
3,2013,09,18,2013-09-18,56.1,42.7,1025.2,10.0,5.8,11.1,999.9,69.1,43.0,0.0,999.9,0,571
6,2013,08,17,2013-08-17,67.3,59.8,1023.8,10.0,3.2,8.0,999.9,75.9,55.9,0.0,999.9,0,504
5,2013,05,31,2013-05-31,62.0,56.8,1018.5,6.7,9.0,13.0,999.9,69.1,57.0,0.02,999.9,0,736
3,2013,08,21,2013-08-21,70.3,66.7,1020.1,7.1,6.5,9.9,999.9,79.0,64.0,0.0,999.9,1,562
2,2012,08,21,2012-08-21,72.8,57.2,1015.5,10.0,2.5,12.0,999.9,81.0,60.8,0.0,999.9,0,482
3,2012,10,03,2012-10-03,65.6,64.3,1016.6,1.5,3.5,9.9,999.9,73.0,62.6,0.45,999.9,1,502
3,2012,08,15,2012-08-15,73.6,68.9,1011.5,6.5,3.5,9.9,999.9,81.0,66.2,0.01,999.9,1,602
2,2012,10,23,2012-10-23,59.0,44.9,1018.7,9.7,2.2,14.0,999.9,64.0,53.1,0.0,999.9,0,522
5,2012,09,07,2012-09-07,77.0,67.8,1012.2,8.7,2.7,8.0,999.9,86.0,64.4,0.0,999.9,0,680
5,2012,11,23,2012-11-23,48.3,40.8,1016.5,8.9,3.4,8.9,999.9,54.0,39.2,0.0,999.9,1,481
2,2012,09,04,2012-09-04,72.6,68.4,1016.8,8.8,4.7,15.9,999.9,79.0,60.8,0.02,999.9,0,606
2,2012,10,02,2012-10-02,63.7,54.2,1015.5,7.3,2.4,9.9,999.9,70.0,60.1,0.0,999.9,0,593
1,2012,07,02,2012-07-02,80.3,54.1,1011.6,10.0,3.8,15.0,999.9,88.0,66.9,0.0,999.9,0,564
2,2012,08,07,2012-08-07,75.2,58.1,1015.7,10.0,1.2,9.9,999.9,82.9,63.0,0.01,999.9,0,547
6,2012,07,21,2012-07-21,68.1,58.5,1018.3,9.8,4.1,12.0,999.9,77.0,57.9,0.43,999.9,0,528
5,2012,10,26,2012-10-26,60.8,53.4,1022.6,10.0,1.5,7.0,999.9,64.9,39.2,0.0,999.9,0,598
1,2012,07,23,2012-07-23,76.0,67.2,1016.9,8.9,3.0,13.0,999.9,86.0,64.0,0.0,999.9,0,505
3,2012,08,22,2012-08-22,73.8,60.3,1019.6,9.8,1.7,8.0,999.9,80.1,61.0,0.0,999.9,0,504
1,2012,08,20,2012-08-20,71.4,56.7,1012.5,10.0,0.8,9.9,999.9,78.1,64.0,0.0,999.9,0,473
4,2012,07,12,2012-07-12,77.4,60.2,1021.7,10.0,2.3,7.0,999.9,88.0,57.0,0.0,999.9,0,577
4,2012,07,05,2012-07-05,86.7,64.3,1007.4,9.4,3.8,15.0,999.9,93.9,70.0,99.99,999.9,0,591
3,2012,09,26,2012-09-26,67.7,56.8,1018.7,10.0,4.3,14.0,999.9,75.9,62.6,0.0,999.9,0,404
1,2012,07,09,2012-07-09,78.5,56.8,1012.7,10.0,3.5,9.9,999.9,84.0,68.0,0.09,999.9,0,533
7,2012,11,11,2012-11-11,54.7,45.1,1030.8,7.0,1.6,9.9,999.9,63.0,37.4,0.0,999.9,0,526
3,2015,10,07,2015-10-07,57.0,50.5,1014.1,10.0,5.4,9.9,999.9,66.0,48.9,0.0,999.9,0,668
3,2015,09,16,2015-09-16,72.8,61.9,1024.8,10.0,6.2,13.0,999.9,81.0,64.0,0.0,999.9,0,748
7,2015,11,29,2015-11-29,46.1,38.8,1022.1,9.6,9.4,15.0,999.9,62.1,39.9,0.0,999.9,0,453
4,2015,12,17,2015-12-17,48.9,43.7,1019.4,8.8,9.7,18.1,999.9,57.0,42.1,0.0,999.9,0,745
7,2015,08,23,2015-08-23,73.4,69.9,1015.3,4.7,7.6,13.0,999.9,82.0,69.1,0.0,999.9,1,492
5,2015,07,17,2015-07-17,64.9,57.6,1019.1,10.0,6.0,9.9,999.9,73.0,54.0,0.0,999.9,0,659
2,2015,07,28,2015-07-28,72.4,68.7,1016.2,9.0,7.2,11.1,999.9,80.1,68.0,0.0,999.9,1,643
5,2015,06,12,2015-06-12,67.0,60.2,1014.4,5.9,6.8,13.0,999.9,79.0,61.0,0.0,999.9,1,451
4,2015,11,19,2015-11-19,50.4,43.6,1028.9,10.0,11.8,18.1,999.9,57.0,30.9,0.0,999.9,0,797
2,2015,08,25,2015-08-25,72.8,68.7,1012.4,9.7,7.4,12.0,999.9,81.0,66.9,0.01,999.9,0,595
3,2015,07,29,2015-07-29,76.0,69.9,1014.2,5.4,6.8,12.0,999.9,86.0,68.0,0.0,999.9,1,629
1,2015,06,22,2015-06-22,67.1,62.7,1012.0,6.2,6.2,12.0,999.9,77.0,59.0,1.8,999.9,1,774
1,2015,04,06,2015-04-06,43.2,36.1,1026.3,9.5,6.8,13.0,999.9,51.1,32.0,0.0,999.9,1,510
6,2015,07,25,2015-07-25,68.5,60.2,1015.0,9.7,4.4,8.9,999.9,80.1,60.1,0.0,999.9,0,451
7,2015,12,13,2015-12-13,53.6,46.9,1021.0,8.1,7.5,13.0,999.9,62.1,45.0,0.0,999.9,0,549
4,2015,04,02,2015-04-02,37.1,27.6,1022.3,9.9,7.0,15.9,999.9,46.9,24.1,0.0,999.9,0,653
1,2015,11,09,2015-11-09,51.4,37.7,1029.7,10.0,7.9,13.0,999.9,60.1,43.0,0.0,999.9,0,615
7,2015,07,12,2015-07-12,71.5,64.6,1016.1,9.7,9.3,14.0,999.9,81.0,64.9,0.0,999.9,0,521
7,2015,04,26,2015-04-26,46.1,34.0,1004.6,9.8,7.4,11.1,999.9,54.0,37.0,0.0,999.9,0,477
6,2015,05,16,2015-05-16,55.5,50.3,1023.7,9.9,7.5,11.1,999.9,64.0,48.0,0.0,999.9,0,650
2,2015,09,01,2015-09-01,74.6,64.7,1015.8,9.4,8.3,13.0,999.9,82.0,64.9,0.0,999.9,0,626
4,2015,12,31,2015-12-31,46.5,41.8,9999.9,9.5,11.0,15.0,999.9,48.0,45.0,0.0,999.9,0,527
7,2015,09,06,2015-09-06,66.6,55.9,1023.5,10.0,4.7,8.0,999.9,72.0,50.0,0.0,999.9,0,504
4,2015,09,10,2015-09-10,73.8,71.2,1011.3,5.6,5.6,9.9,999.9,77.0,71.6,99.99,999.9,1,716
3,2015,12,09,2015-12-09,43.7,32.9,1021.0,10.0,8.7,17.1,999.9,50.0,34.0,0.3,999.9,0,575
6,2015,12,05,2015-12-05,45.6,34.0,1035.5,10.0,6.1,11.1,999.9,52.0,35.1,0.0,999.9,0,629
1,2015,07,20,2015-07-20,73.4,69.9,1005.9,4.1,9.3,13.0,999.9,81.0,69.1,0.0,999.9,1,727
5,2015,09,18,2015-09-18,70.1,66.5,1017.8,7.9,6.4,9.9,999.9,77.0,48.9,0.0,999.9,1,760
6,2015,04,18,2015-04-18,51.9,45.2,1012.7,7.3,7.7,14.0,999.9,64.0,41.0,0.12,999.9,1,605
4,2015,08,13,2015-08-13,71.1,65.8,1014.7,8.4,5.2,8.9,999.9,79.0,63.0,0.0,999.9,1,714
5,2015,05,08,2015-05-08,52.4,47.8,1021.8,7.1,8.8,14.0,999.9,70.0,42.1,0.0,999.9,1,709
7,2015,07,26,2015-07-26,65.8,61.6,1017.5,8.8,8.5,15.0,999.9,77.0,60.1,0.0,999.9,1,551
1,2015,08,10,2015-08-10,66.9,60.8,1017.6,9.3,6.6,13.0,999.9,73.9,55.9,0.0,999.9,1,611
3,2015,07,15,2015-07-15,72.3,68.8,1004.1,6.8,4.5,11.1,999.9,82.0,62.1,0.01,999.9,1,611
3,2015,08,05,2015-08-05,74.5,68.8,1011.2,7.6,7.8,12.0,999.9,81.0,68.0,0.02,999.9,1,619
6,2015,02,14,2015-02-14,20.6,8.9,1016.8,8.6,8.4,21.0,999.9,33.1,8.1,0.0,999.9,1,436
5,2015,06,26,2015-06-26,66.0,60.5,1014.8,9.9,7.9,15.0,999.9,77.0,61.0,0.0,999.9,0,774
1,2015,07,27,2015-07-27,71.1,66.5,1017.3,9.9,8.3,9.9,999.9,75.0,61.0,0.0,999.9,0,626
5,2015,08,21,2015-08-21,73.6,70.2,1017.0,7.1,9.7,13.0,999.9,82.0,68.0,0.0,999.9,1,753
4,2015,01,22,2015-01-22,35.5,30.5,1021.0,8.4,8.4,12.0,999.9,39.0,25.0,0.13,999.9,0,508
1,2015,09,28,2015-09-28,66.8,62.0,1025.3,9.7,6.7,11.1,999.9,75.9,48.0,0.0,999.9,0,586
2,2015,07,21,2015-07-21,72.6,69.7,1003.7,3.6,5.4,8.9,999.9,82.0,68.0,0.0,999.9,1,606
3,2015,11,18,2015-11-18,42.9,33.8,1034.9,10.0,3.2,8.9,999.9,51.1,30.9,0.0,999.9,0,628
4,2015,02,12,2015-02-12,31.0,23.6,1009.5,8.9,9.5,14.0,999.9,35.1,27.0,0.0,999.9,0,526
4,2015,11,05,2015-11-05,58.9,55.9,1025.8,9.1,7.6,11.1,999.9,66.9,48.9,0.0,999.9,1,690
5,2015,05,15,2015-05-15,54.4,46.4,1025.7,10.0,9.7,13.0,999.9,64.9,46.9,0.0,999.9,0,723
1,2015,08,17,2015-08-17,74.1,70.4,1018.5,7.6,8.0,12.0,999.9,82.9,70.0,0.0,999.9,0,592
4,2015,06,18,2015-06-18,59.1,47.7,1019.3,10.0,3.9,8.0,999.9,66.9,48.9,0.0,999.9,0,615
4,2015,07,23,2015-07-23,71.9,60.8,1010.4,10.0,8.3,14.0,999.9,80.1,63.0,0.0,999.9,0,623
6,2015,08,29,2015-08-29,70.3,62.5,1021.8,10.0,7.0,11.1,999.9,80.1,62.1,0.0,999.9,0,539
1,2015,05,25,2015-05-25,58.9,52.6,1025.6,10.0,11.4,15.0,999.9,66.0,51.1,0.0,999.9,0,420
2,2015,03,10,2015-03-10,36.5,30.3,1025.5,9.9,6.0,13.0,999.9,44.1,24.1,0.0,999.9,0,584
1,2015,06,15,2015-06-15,57.8,51.4,1019.2,8.0,9.9,15.9,999.9,59.0,55.0,0.0,999.9,0,506
5,2016,04,22,2016-04-22,55.4,48.4,1013.8,8.7,10.2,15.9,999.9,72.0,44.1,0.0,999.9,1,741
7,2016,03,27,2016-03-27,40.0,32.8,1028.8,9.8,5.4,9.9,999.9,46.9,37.0,0.0,999.9,0,459
3,2016,05,25,2016-05-25,57.9,53.4,1015.7,7.7,8.7,14.0,999.9,64.0,51.1,0.01,999.9,0,733
5,2016,07,01,2016-07-01,66.9,63.6,1017.1,7.8,8.7,17.1,999.9,77.0,61.0,0.0,999.9,1,752
1,2016,07,11,2016-07-11,63.1,58.4,1016.8,9.9,4.9,7.0,999.9,70.0,55.0,0.01,999.9,0,618
3,2016,02,10,2016-02-10,33.5,28.0,1002.2,9.1,4.2,8.9,999.9,37.9,28.0,0.0,999.9,0,537
1,2016,10,03,2016-10-03,60.5,56.1,1016.2,9.9,4.4,9.9,999.9,66.0,57.0,0.0,999.9,0,490
4,2016,06,30,2016-06-30,68.9,63.6,1014.4,5.9,6.4,9.9,999.9,77.0,63.0,0.0,999.9,1,761
1,2016,05,02,2016-05-02,51.3,48.0,1015.7,4.9,10.6,15.9,999.9,55.9,37.0,0.22,999.9,1,589
3,2016,09,21,2016-09-21,70.0,64.4,1020.2,5.3,6.4,12.0,999.9,77.0,62.1,0.07,999.9,1,621
5,2016,09,23,2016-09-23,66.3,62.1,1016.5,9.5,5.8,12.0,999.9,79.0,55.9,0.0,999.9,1,812
1,2016,06,27,2016-06-27,64.3,58.3,1020.6,10.0,9.3,14.0,999.9,71.1,50.0,0.0,999.9,0,718
1,2016,12,26,2016-12-26,36.4,25.6,1038.3,10.0,10.2,15.0,999.9,46.0,28.9,0.0,999.9,0,394
1,2016,09,26,2016-09-26,55.2,41.1,1021.6,10.0,5.3,8.9,999.9,64.9,44.1,0.0,999.9,0,623
7,2016,06,19,2016-06-19,59.9,51.5,1027.6,10.0,9.8,14.0,999.9,73.0,53.1,0.0,999.9,0,559
4,2016,03,31,2016-03-31,51.0,44.6,1019.5,8.7,13.1,17.1,999.9,59.0,37.9,0.0,999.9,0,652
6,2016,09,03,2016-09-03,63.2,57.5,1022.0,10.0,5.7,9.9,999.9,75.0,55.9,0.0,999.9,0,498
1,2016,04,25,2016-04-25,48.4,36.3,1017.1,10.0,9.2,14.0,999.9,55.0,37.0,0.0,999.9,0,488
7,2016,05,08,2016-05-08,48.5,46.1,1005.4,2.9,9.6,14.0,999.9,66.0,45.0,0.0,999.9,1,591
5,2016,06,03,2016-06-03,58.4,55.9,1018.3,7.8,6.7,9.9,999.9,64.4,55.0,0.0,999.9,0,710
2,2016,04,19,2016-04-19,46.9,40.0,1016.0,9.8,7.9,20.0,999.9,64.0,37.9,0.0,999.9,0,732
5,2016,08,05,2016-08-05,65.3,60.4,1017.2,9.3,5.0,9.9,999.9,73.9,55.0,0.0,999.9,1,700
3,2016,07,06,2016-07-06,71.8,65.3,1009.9,8.6,6.5,13.0,999.9,81.0,64.0,1.5,999.9,1,680
3,2016,07,13,2016-07-13,67.2,63.3,1019.3,10.0,9.2,14.0,999.9,78.1,57.9,0.0,999.9,0,607
7,2016,06,26,2016-06-26,60.8,49.4,1023.3,10.0,5.7,8.9,999.9,71.1,50.0,0.0,999.9,0,582
2,2016,10,18,2016-10-18,63.8,61.6,1014.1,4.6,6.8,14.0,999.9,73.9,59.0,0.0,999.9,1,590
6,2016,07,09,2016-07-09,61.7,58.6,1011.6,6.5,10.8,13.0,999.9,70.0,59.0,0.62,999.9,0,498
4,2016,10,13,2016-10-13,59.6,56.6,1020.1,9.9,7.3,11.1,999.9,66.9,42.1,0.0,999.9,0,757
5,2016,08,19,2016-08-19,74.4,65.7,1013.3,10.0,8.2,14.0,999.9,81.0,64.9,0.0,999.9,0,707
1,2016,01,25,2016-01-25,33.5,21.2,1021.4,10.0,6.5,8.9,999.9,37.9,30.0,0.02,999.9,0,658
1,2016,03,07,2016-03-07,36.8,26.1,1023.5,9.9,9.0,18.1,999.9,46.0,23.0,0.0,999.9,0,571
6,2016,11,05,2016-11-05,47.8,33.6,1020.6,10.0,7.9,13.0,999.9,55.9,36.0,0.0,999.9,0,626
3,2016,05,11,2016-05-11,55.6,42.2,1020.2,10.0,7.6,12.0,999.9,66.0,39.9,0.0,999.9,0,699
3,2016,08,03,2016-08-03,67.4,60.0,1020.7,10.0,7.7,14.0,999.9,73.9,61.0,0.0,999.9,0,687
6,2018,07,28,2018-07-28,69.7,69.7,1016.5,1.4,6.7,15.9,999.9,75.9,66.9,0.41,999.9,1,637
2,2018,08,21,2018-08-21,66.7,65.5,1019.1,7.1,9.5,13.0,999.9,70.0,64.4,0.07,999.9,0,580
6,2018,08,04,2018-08-04,71.8,71.2,1020.6,4.4,9.4,15.9,999.9,79.0,69.1,0.01,999.9,1,605
7,2018,08,05,2018-08-05,74.3,70.4,1019.6,8.8,7.1,12.0,999.9,81.0,69.1,0.05,999.9,0,573
5,2018,08,17,2018-08-17,74.9,72.1,1018.0,6.3,5.1,8.9,999.9,87.1,66.0,0.0,999.9,1,703
5,2018,03,30,2018-03-30,46.8,46.8,1008.8,2.1,11.5,17.1,999.9,48.9,35.1,0.0,999.9,1,580
7,2018,07,15,2018-07-15,65.5,61.6,1016.5,8.6,5.3,8.0,999.9,72.0,55.9,0.0,999.9,1,564
1,2018,08,06,2018-08-06,74.8,73.4,1018.6,6.3,7.2,9.9,999.9,81.0,70.0,0.0,999.9,0,632
4,2018,08,30,2018-08-30,76.2,72.4,1015.2,7.0,10.2,15.0,999.9,90.0,71.1,0.0,999.9,0,736
3,2018,08,29,2018-08-29,75.3,72.7,1015.2,5.5,9.8,15.0,999.9,84.9,69.1,0.0,999.9,0,685
6,2018,05,12,2018-05-12,48.9,46.2,1021.1,9.5,7.3,13.0,999.9,52.0,45.0,0.0,999.9,0,602
5,2018,12,14,2018-12-14,37.9,32.3,1033.0,10.0,6.2,11.1,999.9,46.0,23.0,0.0,999.9,0,841
3,2018,01,10,2018-01-10,31.4,24.2,1029.7,10.0,6.6,14.0,999.9,42.1,21.9,0.0,999.9,0,687
2,2018,05,22,2018-05-22,54.6,49.5,1021.1,10.0,7.0,8.9,999.9,69.1,48.0,0.0,999.9,0,689
2,2018,06,12,2018-06-12,55.3,48.6,1022.7,10.0,9.6,15.0,999.9,64.0,46.0,0.0,999.9,0,720
7,2018,07,08,2018-07-08,61.7,52.8,1027.4,10.0,3.8,9.9,999.9,73.9,51.1,0.0,999.9,0,545
6,2018,09,08,2018-09-08,66.6,60.3,1019.0,10.0,6.9,14.0,999.9,75.0,61.0,0.01,999.9,0,568
7,2018,11,18,2018-11-18,41.7,29.3,1025.8,10.0,6.7,11.1,999.9,44.1,35.1,0.0,999.9,0,470
3,2018,06,27,2018-06-27,62.7,59.1,1021.0,10.0,9.3,12.0,999.9,71.1,50.0,0.0,999.9,0,540
4,2018,05,17,2018-05-17,54.1,54.1,1016.7,5.3,3.6,8.0,999.9,62.1,50.0,0.32,999.9,1,732
4,2018,05,24,2018-05-24,56.3,49.7,1017.5,9.6,9.6,15.9,999.9,68.0,50.0,0.11,999.9,0,770
2,2018,10,23,2018-10-23,51.5,43.7,1019.6,9.9,8.0,15.0,999.9,59.0,36.0,0.01,999.9,0,681
3,2015,09,02,2015-09-02,66.0,62.6,1017.1,9.7,5.3,999.9,999.9,81.0,61.0,0.0,999.9,1,654
3,2015,06,10,2015-06-10,65.2,58.5,1010.9,6.4,8.8,12.0,999.9,73.0,57.9,0.07,999.9,1,667
7,2015,10,25,2015-10-25,57.0,51.7,1020.6,9.7,6.9,13.0,999.9,62.1,48.9,0.0,999.9,0,522
2,2015,07,07,2015-07-07,68.1,64.3,1019.7,7.4,8.2,11.1,999.9,78.1,62.1,0.0,999.9,0,646
6,2015,06,27,2015-06-27,61.5,55.4,1020.4,9.2,8.4,12.0,999.9,72.0,54.0,0.0,999.9,1,595
4,2015,08,27,2015-08-27,72.3,60.6,1014.9,10.0,8.5,13.0,999.9,81.0,62.1,0.0,999.9,0,614
3,2015,10,21,2015-10-21,62.7,52.4,1024.6,9.9,8.7,15.0,999.9,70.0,52.0,0.0,999.9,0,720
4,2015,07,30,2015-07-30,74.2,70.7,1012.2,6.2,9.7,14.0,999.9,86.0,69.1,0.0,999.9,0,717
7,2015,02,08,2015-02-08,34.5,29.9,1015.9,7.6,6.0,9.9,999.9,37.9,21.9,0.0,999.9,0,394
7,2015,12,06,2015-12-06,45.4,40.9,1032.5,8.5,6.2,13.0,999.9,55.0,34.0,0.0,999.9,1,485
6,2015,05,02,2015-05-02,44.4,36.7,1015.4,10.0,9.6,15.0,999.9,51.1,39.0,0.0,999.9,0,540
5,2015,08,14,2015-08-14,70.4,63.5,1020.3,8.6,4.8,8.9,999.9,81.0,62.1,0.0,999.9,0,729
3,2015,11,25,2015-11-25,39.6,26.8,1038.6,10.0,4.3,8.0,999.9,50.0,28.9,0.0,999.9,0,717
7,2015,07,19,2015-07-19,71.4,67.9,1011.9,6.9,9.0,12.0,999.9,77.0,64.0,0.0,999.9,1,545
1,2015,12,07,2015-12-07,50.8,45.5,1020.7,8.0,9.2,14.0,999.9,55.9,34.0,0.0,999.9,0,668
1,2015,08,03,2015-08-03,74.0,68.2,1012.1,9.1,8.9,14.0,999.9,82.9,69.1,0.0,999.9,0,705
1,2015,07,13,2015-07-13,70.9,64.9,1013.8,8.3,5.3,8.0,999.9,80.1,66.0,0.0,999.9,0,668
4,2015,05,14,2015-05-14,54.0,39.9,1025.2,10.0,6.9,13.0,999.9,66.9,45.0,0.0,999.9,0,654
3,2015,10,14,2015-10-14,63.8,57.7,1004.5,9.0,11.2,17.1,999.9,73.9,60.1,0.03,999.9,0,658
5,2015,11,27,2015-11-27,52.6,48.4,1034.2,9.8,7.5,11.1,999.9,59.0,45.0,0.0,999.9,0,480
4,2015,05,07,2015-05-07,55.9,42.3,1022.4,9.8,7.2,14.0,999.9,70.0,42.1,0.0,999.9,0,684
7,2015,08,02,2015-08-02,75.9,64.8,1011.7,9.0,7.8,12.0,999.9,82.9,66.0,0.0,999.9,0,550
5,2015,02,27,2015-02-27,24.2,12.2,1023.7,10.0,9.3,15.9,999.9,30.9,19.9,0.0,999.9,0,703
6,2015,11,28,2015-11-28,54.5,50.4,1021.1,9.1,9.4,14.0,999.9,62.1,45.0,0.0,999.9,0,508
5,2015,08,07,2015-08-07,71.2,61.9,1013.1,10.0,7.4,12.0,999.9,79.0,64.0,0.0,999.9,0,726
3,2015,05,06,2015-05-06,55.3,42.1,1023.9,9.7,6.8,13.0,999.9,71.1,46.9,0.0,999.9,0,568
2,2015,06,30,2015-06-30,67.1,61.8,1015.7,9.3,7.1,9.9,999.9,73.9,57.0,0.0,999.9,0,622
3,2015,08,12,2015-08-12,71.9,67.4,1008.9,7.2,7.9,13.0,999.9,77.0,64.0,1.01,999.9,1,643
5,2015,07,03,2015-07-03,68.3,58.3,1013.2,7.6,5.8,17.1,999.9,77.0,61.0,0.0,999.9,1,549
2,2015,09,29,2015-09-29,69.3,65.6,1020.1,8.5,7.8,12.0,999.9,75.9,61.0,0.0,999.9,0,557
5,2015,05,22,2015-05-22,53.8,48.0,1011.7,9.1,9.2,15.9,999.9,61.0,48.0,0.69,999.9,0,727
6,2016,06,04,2016-06-04,60.2,58.0,1015.6,4.2,5.3,9.9,999.9,73.9,54.0,0.0,999.9,1,635
2,2016,08,02,2016-08-02,66.9,61.9,1018.6,9.7,8.4,14.0,999.9,75.0,61.0,0.11,999.9,0,602
2,2016,09,20,2016-09-20,71.1,69.3,1019.3,8.7,5.6,11.1,999.9,75.0,66.0,0.22,999.9,0,619
3,2016,06,29,2016-06-29,67.2,64.8,1012.9,7.2,7.5,12.0,999.9,72.0,64.0,0.0,999.9,1,687
4,2016,07,07,2016-07-07,68.7,66.7,1010.4,4.1,5.9,8.9,999.9,81.0,64.0,0.0,999.9,1,603
7,2016,08,07,2016-08-07,74.2,65.0,1009.0,8.1,9.9,13.0,999.9,82.0,66.9,0.0,999.9,1,540
2,2016,06,28,2016-06-28,66.1,64.0,1017.2,7.5,8.1,11.1,999.9,71.1,60.1,0.0,999.9,1,675
2,2016,05,03,2016-05-03,48.2,45.0,1011.7,8.2,9.0,14.0,999.9,54.0,46.4,0.04,999.9,0,711
7,2016,07,17,2016-07-17,70.6,68.7,1019.1,4.1,6.6,11.1,999.9,84.9,66.9,0.0,999.9,1,574
4,2016,10,06,2016-10-06,57.3,50.9,1025.6,10.0,5.8,8.9,999.9,66.0,48.9,0.0,999.9,0,764
1,2016,08,08,2016-08-08,71.3,61.3,1015.4,10.0,6.3,9.9,999.9,82.0,62.1,0.0,999.9,0,632
5,2016,01,15,2016-01-15,36.5,25.6,1014.8,10.0,7.2,13.0,999.9,45.0,24.1,0.0,999.9,0,722
1,2016,06,20,2016-06-20,61.4,55.9,1022.8,10.0,8.6,12.0,999.9,66.9,54.0,0.0,999.9,0,745
5,2016,05,20,2016-05-20,56.4,47.9,1021.7,10.0,6.6,12.0,999.9,70.0,46.0,0.0,999.9,0,782
3,2016,08,31,2016-08-31,70.4,65.7,1016.0,10.0,9.1,12.0,999.9,75.9,59.0,0.0,999.9,0,661
1,2016,11,14,2016-11-14,54.4,44.6,1015.9,9.6,10.8,15.0,999.9,62.1,46.9,0.0,999.9,0,668
2,2016,01,12,2016-01-12,33.0,19.1,1015.4,10.0,7.9,14.0,999.9,50.0,19.9,0.0,999.9,0,637
7,2016,07,31,2016-07-31,67.5,64.8,1018.4,6.7,6.8,11.1,999.9,72.0,64.4,0.0,999.9,1,529
1,2016,07,04,2016-07-04,68.4,62.6,1017.2,9.9,11.7,15.0,999.9,75.9,55.9,0.0,999.9,0,488
6,2016,06,18,2016-06-18,62.6,53.5,1021.7,10.0,7.3,11.1,999.9,73.0,53.1,0.0,999.9,0,700
5,2016,10,07,2016-10-07,55.6,49.7,1025.3,6.9,2.7,8.0,999.9,70.0,44.1,0.0,999.9,1,754
4,2016,08,11,2016-08-11,73.6,71.8,1018.5,4.7,11.1,15.9,999.9,79.0,66.9,0.05,999.9,1,672
2,2016,04,12,2016-04-12,52.5,48.6,1018.9,6.4,13.6,18.1,999.9,57.9,44.1,0.0,999.9,0,638
6,2016,09,17,2016-09-17,62.6,57.6,1024.5,9.7,6.0,12.0,999.9,73.0,48.0,0.0,999.9,0,646
2,2016,08,16,2016-08-16,73.1,69.0,1022.3,10.0,7.9,12.0,999.9,84.0,66.9,0.0,999.9,0,644
3,2016,11,02,2016-11-02,55.9,49.9,1024.1,10.0,9.9,15.9,999.9,63.0,34.0,0.0,999.9,0,665
2,2016,03,08,2016-03-08,44.4,36.5,1019.8,8.8,8.5,13.0,999.9,51.1,26.1,0.0,999.9,0,632
1,2016,04,18,2016-04-18,49.5,35.9,1022.5,10.0,6.0,12.0,999.9,64.0,37.0,0.0,999.9,0,687
2,2016,05,10,2016-05-10,51.9,38.2,1020.6,10.0,9.0,17.1,999.9,61.0,39.9,0.0,999.9,0,608
1,2016,07,25,2016-07-25,71.5,68.8,1014.0,9.9,8.7,14.0,999.9,80.1,64.9,0.0,999.9,0,698
6,2016,10,15,2016-10-15,50.5,38.8,1029.1,10.0,6.2,9.9,999.9,60.1,41.0,0.0,999.9,0,641
4,2016,09,22,2016-09-22,67.2,57.8,1020.9,10.0,3.7,7.0,999.9,79.0,57.9,0.0,999.9,0,660
3,2016,07,20,2016-07-20,68.3,55.6,1020.9,10.0,6.9,13.0,999.9,81.0,60.1,0.0,999.9,0,698
3,2016,02,03,2016-02-03,42.6,37.8,1025.6,9.5,11.9,21.0,999.9,51.1,30.9,0.0,999.9,0,579
7,2019,06,02,2019-06-02,56.9,54.7,1008.0,5.1,6.9,11.1,999.9,64.9,52.0,0.0,999.9,1,515
3,2019,11,27,2019-11-27,48.5,46.0,1016.5,6.0,6.0,17.1,999.9,55.9,35.1,0.0,999.9,1,561
5,2019,07,05,2019-07-05,66.1,64.7,1021.4,4.7,3.9,8.0,999.9,75.9,59.0,0.0,999.9,1,542
1,2019,04,08,2019-04-08,46.2,45.3,1016.8,5.9,8.4,18.1,999.9,50.0,37.9,0.0,999.9,1,594
4,2019,07,18,2019-07-18,71.4,71.0,1013.2,2.0,4.9,9.9,999.9,73.9,69.1,0.0,999.9,1,620
5,2019,07,19,2019-07-19,69.2,67.7,1011.4,4.7,8.1,15.0,999.9,77.0,64.9,99.99,999.9,1,666
3,2019,07,31,2019-07-31,72.9,70.9,1017.2,5.6,7.0,12.0,999.9,79.0,68.0,0.0,999.9,1,604
3,2019,07,10,2019-07-10,71.5,65.8,1016.8,7.3,6.4,9.9,999.9,84.9,60.1,0.0,999.9,1,553
6,2019,04,06,2019-04-06,46.3,41.2,1022.7,9.2,10.3,17.1,999.9,60.1,36.0,0.07,999.9,0,587
1,2019,04,22,2019-04-22,52.1,51.5,1017.3,2.3,7.3,14.0,999.9,57.9,48.0,0.03,999.9,1,522
1,2019,07,22,2019-07-22,76.5,70.8,1009.8,9.5,7.0,12.0,999.9,87.1,69.1,0.0,999.9,0,641
4,2019,12,26,2019-12-26,35.9,30.3,1025.7,10.0,5.9,14.0,999.9,46.4,28.9,0.0,999.9,0,414
4,2019,11,07,2019-11-07,51.4,42.7,1023.4,9.8,7.8,17.1,999.9,60.1,35.1,0.0,999.9,0,669
1,2019,09,30,2019-09-30,56.3,48.8,1026.3,10.0,7.8,13.0,999.9,72.0,48.0,0.0,999.9,0,435
5,2019,06,28,2019-06-28,66.8,62.9,1020.2,6.3,4.4,8.0,999.9,80.1,57.0,0.0,999.9,1,753
1,2019,08,19,2019-08-19,73.3,72.1,1015.6,3.5,6.3,9.9,999.9,80.1,68.0,0.0,999.9,1,563
6,2019,03,09,2019-03-09,35.1,22.7,1025.1,10.0,7.4,12.0,999.9,44.1,19.9,0.0,999.9,0,523
7,2019,11,03,2019-11-03,51.0,36.8,1016.8,10.0,7.5,12.0,999.9,55.9,36.0,0.0,999.9,0,479
5,2019,04,12,2019-04-12,43.8,35.3,1027.0,10.0,8.4,13.0,999.9,48.0,35.1,0.0,999.9,0,688
2,2019,10,01,2019-10-01,59.4,53.9,1020.6,10.0,8.4,14.0,999.9,66.9,48.0,0.0,999.9,0,454
5,2019,07,26,2019-07-26,67.1,58.9,1024.0,9.4,3.4,8.9,999.9,78.1,59.0,0.0,999.9,1,650
5,2019,12,27,2019-12-27,40.1,35.0,1026.1,10.0,7.6,12.0,999.9,48.0,28.9,0.0,999.9,0,448
5,2019,05,17,2019-05-17,52.3,49.6,1010.8,8.4,8.4,15.0,999.9,64.0,46.0,0.0,999.9,0,726
5,2019,03,01,2019-03-01,26.7,18.2,1026.9,10.0,4.0,7.0,999.9,35.1,16.0,0.0,999.9,0,711
7,2019,04,07,2019-04-07,45.3,39.4,1023.5,10.0,7.4,11.1,999.9,60.1,37.9,0.01,999.9,0,487
1,2019,08,05,2019-08-05,70.2,62.3,1014.4,9.9,6.9,14.0,999.9,78.1,64.0,0.0,999.9,0,616
1,2019,11,11,2019-11-11,51.5,43.4,1019.0,10.0,7.7,14.0,999.9,59.0,37.9,0.0,999.9,0,481
7,2019,09,08,2019-09-08,66.0,58.0,1014.1,10.0,10.5,14.0,999.9,71.1,59.0,0.0,999.9,0,462
6,2019,09,21,2019-09-21,67.0,59.2,1021.2,9.9,6.5,11.1,999.9,75.9,60.1,0.0,999.9,0,577
4,2019,07,25,2019-07-25,69.5,61.4,1017.7,10.0,5.8,12.0,999.9,78.1,61.0,0.0,999.9,0,605
6,2019,05,18,2019-05-18,56.7,46.7,1011.9,8.9,9.2,17.1,999.9,64.9,48.0,0.08,999.9,0,649
5,2019,02,22,2019-02-22,38.3,26.1,1022.3,10.0,8.7,14.0,999.9,46.0,30.9,0.2,999.9,0,546
4,2019,05,23,2019-05-23,52.5,45.6,1022.9,10.0,10.5,17.1,999.9,61.0,46.0,0.0,999.9,0,722
7,2013,11,17,2013-11-17,48.9,45.9,1024.9,6.8,7.0,13.0,999.9,55.9,37.4,0.0,999.9,1,532
6,2013,07,13,2013-07-13,67.9,66.3,1024.4,3.3,6.2,9.9,999.9,75.9,63.0,0.01,999.9,1,575
3,2013,07,10,2013-07-10,71.1,69.7,1015.5,1.9,7.1,12.0,999.9,77.0,69.1,0.0,999.9,1,614
5,2013,05,10,2013-05-10,56.1,51.0,1014.8,5.7,8.3,13.0,999.9,66.0,51.1,0.0,999.9,1,698
2,2013,07,16,2013-07-16,77.4,68.4,1019.6,8.3,7.3,14.0,999.9,87.1,69.1,0.0,999.9,0,582
6,2013,05,18,2013-05-18,54.6,45.2,1025.3,10.0,5.1,12.0,999.9,64.0,44.1,0.0,999.9,0,506
2,2013,08,06,2013-08-06,66.2,54.5,1019.1,10.0,5.3,8.9,999.9,73.9,55.9,0.0,999.9,0,543
7,2013,08,25,2013-08-25,64.0,54.6,1026.6,10.0,6.7,12.0,999.9,75.0,50.0,0.0,999.9,0,459
6,2013,06,15,2013-06-15,62.4,52.3,1011.0,10.0,7.4,13.0,999.9,72.0,52.0,0.14,999.9,0,596
4,2013,02,28,2013-02-28,41.4,38.9,1002.1,7.2,7.8,14.0,999.9,46.9,39.0,0.32,999.9,1,517
3,2013,10,16,2013-10-16,57.5,55.4,1017.7,6.2,9.3,14.0,999.9,63.0,44.1,0.01,999.9,0,548
1,2013,09,02,2013-09-02,70.8,68.7,1010.3,7.0,7.7,11.1,999.9,75.9,68.0,0.0,999.9,1,431
2,2013,07,30,2013-07-30,71.2,64.3,1018.0,7.8,7.8,11.1,999.9,77.0,66.2,0.01,999.9,1,584
3,2013,10,30,2013-10-30,46.8,38.6,1025.8,10.0,5.2,11.1,999.9,57.9,34.0,0.0,999.9,0,558
5,2013,02,15,2013-02-15,38.6,33.2,1017.0,9.8,6.0,11.1,999.9,46.9,28.0,0.0,999.9,0,604
3,2013,05,01,2013-05-01,49.9,41.4,1030.2,7.4,7.0,9.9,999.9,60.8,39.9,0.0,999.9,1,576
5,2013,09,20,2013-09-20,62.6,58.5,1018.4,9.5,6.2,8.9,999.9,71.1,53.6,0.01,999.9,0,631
7,2013,04,07,2013-04-07,39.7,28.6,1025.8,10.0,9.2,17.1,999.9,48.0,26.1,0.0,999.9,0,451
4,2013,06,06,2013-06-06,58.6,51.0,1022.0,10.0,7.5,14.0,999.9,66.0,51.1,0.0,999.9,0,605
2,2013,05,28,2013-05-28,56.6,49.6,1023.2,9.9,6.4,11.1,999.9,63.0,46.9,0.0,999.9,0,686
2,2013,05,07,2013-05-07,54.4,49.9,1021.9,4.4,4.5,8.0,999.9,66.9,46.0,0.0,999.9,1,592
6,2013,08,31,2013-08-31,69.4,67.0,1011.9,7.0,10.9,13.0,999.9,75.0,59.0,0.0,999.9,0,480
7,2013,12,01,2013-12-01,43.1,35.0,1026.2,9.8,10.9,14.0,999.9,50.0,25.0,0.0,999.9,0,420
4,2013,06,27,2013-06-27,65.5,64.0,1010.0,3.1,5.4,13.0,999.9,69.1,62.1,0.0,999.9,1,598
2,2013,08,13,2013-08-13,67.8,66.7,1011.1,4.6,3.4,17.1,999.9,73.9,64.0,0.0,999.9,1,552
6,2013,12,21,2013-12-21,47.6,45.6,1016.3,5.5,9.0,14.0,999.9,52.0,32.0,0.0,999.9,0,594
1,2013,10,14,2013-10-14,51.5,44.0,1027.0,10.0,4.6,8.9,999.9,62.1,41.0,0.0,999.9,0,440
1,2013,04,08,2013-04-08,50.0,41.6,1018.1,9.1,9.4,13.0,999.9,62.1,42.1,0.0,999.9,0,582
1,2013,12,02,2013-12-02,44.0,42.1,1014.2,7.0,7.1,11.1,999.9,50.0,39.0,0.07,999.9,1,549
3,2013,07,17,2013-07-17,72.9,65.8,1020.8,9.9,5.6,8.9,999.9,84.0,66.9,0.0,999.9,0,609
3,2013,02,13,2013-02-13,36.1,25.2,1010.6,10.0,7.7,15.0,999.9,41.0,26.1,0.0,999.9,0,570
6,2013,02,23,2013-02-23,36.3,29.8,1022.9,9.7,7.0,15.0,999.9,41.0,30.9,0.0,999.9,0,521
3,2013,11,06,2013-11-06,46.5,41.4,1030.4,10.0,3.7,8.9,999.9,57.0,36.0,0.0,999.9,0,635
3,2013,08,07,2013-08-07,64.5,55.9,1022.0,9.9,5.1,9.9,999.9,73.9,54.0,0.0,999.9,0,508
1,2013,04,29,2013-04-29,49.7,37.9,1025.5,9.9,4.3,8.9,999.9,59.0,39.9,0.0,999.9,0,598
7,2013,03,31,2013-03-31,43.0,38.1,1019.2,10.0,7.1,13.0,999.9,48.9,33.1,0.0,999.9,0,426