day,year,mo,da,collision_date,temp,dewp,slp,visib,wdsp,mxpsd,gust,max,min,prcp,sndp,fog,num_collisions,mph,knots
1,2012,7,2,02/07/2012,80.3,54.1,1011.6,10,3.8,15,999.9,88,66.9,0,999.9,0,564,24,20.9
2,2012,7,3,03/07/2012,79.8,56.7,1012.8,10,2.9,12,999.9,88,63,0,999.9,0,664,22,19.1
3,2012,7,4,04/07/2012,81.8,65.6,1009.1,9.2,3.6,11.1,999.9,91,68,0.06,999.9,0,432,21,18.2
4,2012,7,5,05/07/2012,86.7,64.3,1007.4,9.4,3.8,15,999.9,93.9,70,99.99,999.9,0,591,21,18.2
5,2012,7,6,06/07/2012,81.9,62.3,1011.7,10,3.1,9.9,999.9,91,66.9,0,999.9,0,638,0,0
1,2012,7,9,09/07/2012,78.5,56.8,1012.7,10,3.5,9.9,999.9,84,68,0.09,999.9,0,533,20,17.4
2,2012,7,10,10/07/2012,76.5,56.3,1016,10,3.4,9.9,999.9,86,61,0,999.9,0,524,18,15.6
3,2012,7,11,11/07/2012,77.1,62,1019.9,10,1.9,7,999.9,84,64.9,0,999.9,0,565,18,15.6
4,2012,7,12,12/07/2012,77.4,60.2,1021.7,10,2.3,7,999.9,88,57,0,999.9,0,577,18,15.6
5,2012,7,13,13/07/2012,78.9,60.7,1021.8,9.9,3,7,999.9,87.1,63,0,999.9,0,603,0,0
7,2012,7,15,15/07/2012,79.7,68.6,1018.3,9.1,2.8,13,999.9,87.1,70,0,999.9,0,494,22,19.1
6,2012,7,21,21/07/2012,68.1,58.5,1018.3,9.8,4.1,12,999.9,77,57.9,0.43,999.9,0,528,26,22.6
7,2012,7,22,22/07/2012,72.5,59.4,1020.3,10,2,8,999.9,82,54,0,999.9,0,498,21,18.2
1,2012,7,23,23/07/2012,76,67.2,1016.9,8.9,3,13,999.9,86,64,0,999.9,0,505,25,21.7
3,2012,7,25,25/07/2012,76.5,53.5,1009.7,10,4.2,19,999.9,84.9,66.9,0,999.9,0,612,23,20
5,2012,7,27,27/07/2012,76.6,69.3,1007,9.1,4.4,14,999.9,87.1,70,0.6,999.9,0,638,20,17.4
1,2012,7,30,30/07/2012,73.1,65.1,1018.6,10,2.2,8.9,999.9,79,64.9,0.01,999.9,0,530,30,26.1
2,2012,7,31,31/07/2012,73.4,64.3,1016.7,10,3.8,14,999.9,80.1,60.1,0,999.9,0,540,0,0
3,2012,8,1,01/08/2012,72.2,68.4,1012.4,7.8,2.5,9.9,999.9,78.1,66.9,0.55,999.9,1,616,0,0
4,2012,8,2,02/08/2012,75,68.4,1011.3,6.2,2.7,11.1,999.9,87.1,66.2,0.11,999.9,1,570,24,20.9
2,2012,8,7,07/08/2012,75.2,58.1,1015.7,10,1.2,9.9,999.9,82.9,63,0.01,999.9,0,547,16,13.9
3,2012,8,8,08/08/2012,77.8,67.1,1014.7,8.8,1.1,8,999.9,86,64,0,999.9,0,528,17,14.8
1,2012,8,13,13/08/2012,76.3,61.2,1014.6,9.2,4.3,13,999.9,86,69.1,0.05,999.9,0,504,20,17.4
2,2012,8,14,14/08/2012,76,62.6,1014,9.6,2.3,9.9,999.9,81,69.1,0,999.9,0,520,18,15.6
3,2012,8,15,15/08/2012,73.6,68.9,1011.5,6.5,3.5,9.9,999.9,81,66.2,0.01,999.9,1,602,31,26.9
6,2012,8,18,18/08/2012,69.8,63.7,1011.3,8.4,4.1,9.9,999.9,78.1,62.6,0.01,999.9,0,540,22,19.1
7,2012,8,19,19/08/2012,68.7,55,1014.2,10,1.3,12,999.9,75,62.1,0.23,999.9,0,467,0,0
1,2012,8,20,20/08/2012,71.4,56.7,1012.5,10,0.8,9.9,999.9,78.1,64,0,999.9,0,473,0,0
2,2012,8,21,21/08/2012,72.8,57.2,1015.5,10,2.5,12,999.9,81,60.8,0,999.9,0,482,21,18.2
3,2012,8,22,22/08/2012,73.8,60.3,1019.6,9.8,1.7,8,999.9,80.1,61,0,999.9,0,504,21,18.2
4,2012,8,23,23/08/2012,74.7,61.7,1020.4,8.9,2,8.9,999.9,84,62.6,0,999.9,0,574,16,13.9
5,2012,8,24,24/08/2012,77.3,60.9,1020.7,9.3,2,7,999.9,87.1,66,0,999.9,0,601,,0
7,2012,9,2,02/09/2012,75.4,65.9,1017.7,9.8,3.2,11.1,999.9,80.1,62.1,0,999.9,0,421,,0
1,2012,9,3,03/09/2012,73.8,65.1,1019.8,10,4.5,14,999.9,79,55.4,0,999.9,0,373,18,15.6
2,2012,9,4,04/09/2012,72.6,68.4,1016.8,8.8,4.7,15.9,999.9,79,60.8,0.02,999.9,0,606,22,19.1
4,2012,9,6,06/09/2012,73.2,65.3,1011.3,9.7,2.3,12,999.9,79,62.6,0.59,999.9,0,572,20,17.4
5,2012,9,7,07/09/2012,77,67.8,1012.2,8.7,2.7,8,999.9,86,64.4,0,999.9,0,680,16,13.9
3,2012,9,12,12/09/2012,68.5,49.7,1026.5,10,2.1,9.9,999.9,80.1,55,0,999.9,0,651,,0
4,2012,9,13,13/09/2012,70.4,54.8,1027.4,10,3.2,9.9,999.9,80.1,62.1,0,999.9,0,632,17,14.8
5,2012,9,14,14/09/2012,70.5,57.7,1023.4,9.7,2.3,9.9,999.9,80.1,55.4,0,999.9,0,609,20,17.4
1,2012,9,17,17/09/2012,66.5,48,1018.3,10,2.2,7,999.9,77,48.2,0,999.9,0,452,22,19.1
3,2012,9,26,26/09/2012,67.7,56.8,1018.7,10,4.3,14,999.9,75.9,62.6,0,999.9,0,404,21,18.2
2,2012,10,2,02/10/2012,63.7,54.2,1015.5,7.3,2.4,9.9,999.9,70,60.1,0,999.9,0,593,20,17.4
3,2012,10,3,03/10/2012,65.6,64.3,1016.6,1.5,3.5,9.9,999.9,73,62.6,0.45,999.9,1,502,,0
4,2012,10,4,04/10/2012,68.6,66.2,1019,2.9,2.2,13,999.9,73.4,62.6,0.01,999.9,1,554,,0
5,2012,10,5,05/10/2012,67.8,59.7,1016.7,8.4,3.3,9.9,999.9,78.1,60.8,0,999.9,0,693,,0
3,2012,10,17,17/10/2012,51.9,38,1014.3,10,1.3,11.1,999.9,60.1,44.1,0,999.9,0,615,,0
2,2012,10,23,23/10/2012,59,44.9,1018.7,9.7,2.2,14,999.9,64,53.1,0,999.9,0,522,,0
3,2012,10,24,24/10/2012,57.1,53.5,1019.9,6.4,4.1,9.9,999.9,59,51.8,0.07,999.9,0,494,,0
4,2012,10,25,25/10/2012,58,51.3,1023.9,10,3,8.9,999.9,61,43,0,999.9,0,511,,0
5,2012,10,26,26/10/2012,60.8,53.4,1022.6,10,1.5,7,999.9,64.9,39.2,0,999.9,0,598,,0
7,2012,11,11,11/11/2012,54.7,45.1,1030.8,7,1.6,9.9,999.9,63,37.4,0,999.9,0,526,,0
5,2012,11,16,16/11/2012,41.9,29.5,1026.4,9.7,5.8,15,999.9,48.2,37.9,0,999.9,0,672,,0
4,2012,11,22,22/11/2012,47.3,36.2,1023.4,10,3.4,15.9,999.9,54,42.1,0,999.9,0,384,,0
5,2012,11,23,23/11/2012,48.3,40.8,1016.5,8.9,3.4,8.9,999.9,54,39.2,0,999.9,1,481,20,17.4
2,2012,11,27,27/11/2012,38.7,27.2,1024.2,7,4.4,9.9,999.9,44.6,33.8,0,999.9,0,583,23,20
7,2012,12,2,02/12/2012,44.3,41,1026.9,3.9,3,15,999.9,53.6,41,0.08,999.9,1,455,,0
1,2012,12,3,03/12/2012,53.5,45.3,1021.4,7,3.9,15,999.9,60.1,39.2,0.04,999.9,0,621,,0
2,2012,12,4,04/12/2012,51.9,47.1,1022.8,5.6,2.9,9.9,999.9,62.1,37.4,0.04,999.9,1,621,,0
5,2012,12,7,07/12/2012,38.8,30.9,1022.7,7.9,1.9,12,999.9,48.2,26.6,0,999.9,0,714,,0
4,2012,12,13,13/12/2012,40.3,24.6,1029.8,10,1.7,11.1,999.9,46,32,0,999.9,0,545,,0
3,2013,1,9,09/01/2013,39.9,37.6,1026.2,6.8,5.3,11.1,999.9,46,28,0,999.9,1,487,30,26.1
5,2013,1,11,11/01/2013,38,31.4,1030.6,10,5.4,11.1,999.9,44.1,32,0,999.9,0,660,,0
7,2013,1,13,13/01/2013,45.4,44.9,1020.7,4.3,5.8,9.9,999.9,46.9,44.1,0.01,999.9,1,373,,0
2,2013,1,15,15/01/2013,42.3,38.3,1023.1,9.5,8,15,999.9,48.9,39,0.24,999.9,0,516,,0
2,2013,1,29,29/01/2013,35.4,34.9,1019,2.6,4.9,9.9,999.9,37.4,33.1,0.08,999.9,1,542,17,14.8
3,2013,2,13,13/02/2013,36.1,25.2,1010.6,10,7.7,15,999.9,41,26.1,0,999.9,0,570,,0
5,2013,2,15,15/02/2013,38.6,33.2,1017,9.8,6,11.1,999.9,46.9,28,0,999.9,0,604,,0
6,2013,2,23,23/02/2013,36.3,29.8,1022.9,9.7,7,15,999.9,41,30.9,0,999.9,0,521,26,22.6
4,2013,2,28,28/02/2013,41.4,38.9,1002.1,7.2,7.8,14,999.9,46.9,39,0.32,999.9,1,517,18,15.6
7,2013,3,3,03/03/2013,37.4,29.3,1002.6,10,7.1,11.1,999.9,39.9,36,0,999.9,0,502,29,25.2
1,2013,3,11,11/03/2013,39.9,34.7,1026.1,10,6.5,11.1,999.9,45,36,0,999.9,0,522,24,20.9
7,2013,3,31,31/03/2013,43,38.1,1019.2,10,7.1,13,999.9,48.9,33.1,0,999.9,0,426,30,26.1
7,2013,4,7,07/04/2013,39.7,28.6,1025.8,10,9.2,17.1,999.9,48,26.1,0,999.9,0,451,38,33
1,2013,4,8,08/04/2013,50,41.6,1018.1,9.1,9.4,13,999.9,62.1,42.1,0,999.9,0,582,,0
7,2013,4,14,14/04/2013,46.1,38.4,1015.5,9.6,7.7,13,999.9,55.9,39,0.09,999.9,0,472,30,26.1
1,2013,4,15,15/04/2013,46.1,34.2,1026,10,8.1,11.1,999.9,53.1,39,0,999.9,0,603,21,18.2
2,2013,4,16,16/04/2013,46,40.5,1028.7,10,9.3,15.9,999.9,53.1,37.9,0,999.9,0,564,32,27.8
5,2013,4,26,26/04/2013,49.5,37.8,1026.9,9.5,6.5,12,999.9,61,37.9,0.06,999.9,0,675,,0
6,2013,4,27,27/04/2013,46.6,34.7,1029.1,8.6,3.9,8,999.9,55.9,35.1,0,999.9,1,517,,0
7,2013,4,28,28/04/2013,48,38.5,1027.1,9.8,3.9,8,999.9,57,37,0,999.9,0,440,25,21.7
1,2013,4,29,29/04/2013,49.7,37.9,1025.5,9.9,4.3,8.9,999.9,59,39.9,0,999.9,0,598,17,14.8
2,2013,4,30,30/04/2013,51,30.2,1026.2,10,5.2,11.1,999.9,63,39.9,0,999.9,0,576,20,17.4
3,2013,5,1,01/05/2013,49.9,41.4,1030.2,7.4,7,9.9,999.9,60.8,39.9,0,999.9,1,576,22,19.1
1,2013,5,6,06/05/2013,49.2,43.4,1024.3,5.1,5.5,8.9,999.9,61,44.1,0,999.9,1,561,20,17.4
2,2013,5,7,07/05/2013,54.4,49.9,1021.9,4.4,4.5,8,999.9,66.9,46,0,999.9,1,592,21,18.2
4,2013,5,9,09/05/2013,57.2,53.6,1015.2,5,6.2,14,999.9,62.6,53.6,0.01,999.9,1,602,18,15.6
5,2013,5,10,10/05/2013,56.1,51,1014.8,5.7,8.3,13,999.9,66,51.1,0,999.9,1,698,23,20
6,2013,5,18,18/05/2013,54.6,45.2,1025.3,10,5.1,12,999.9,64,44.1,0,999.9,0,506,,0
7,2013,5,19,19/05/2013,56.3,49.4,1027.4,9.3,6.6,12,999.9,63,46.9,0,999.9,0,544,19,16.5
2,2013,5,21,21/05/2013,58,55.5,1014.3,0.3,7.8,14,999.9,61,55.4,0.24,999.9,1,697,22,19.1
2,2013,5,28,28/05/2013,56.6,49.6,1023.2,9.9,6.4,11.1,999.9,63,46.9,0,999.9,0,686,,0
5,2013,5,31,31/05/2013,62,56.8,1018.5,6.7,9,13,999.9,69.1,57,0.02,999.9,0,736,21,18.2
6,2013,6,1,01/06/2013,60.9,57,1016.7,7,10.9,15,999.9,66,57,0,999.9,0,631,18,15.6
2,2013,6,4,04/06/2013,61.8,51,1012.5,7.5,8.7,15,999.9,66,57.2,0.34,999.9,1,613,24,20.9
3,2013,6,5,05/06/2013,58.6,45.6,1020.5,9.8,5.7,8.9,999.9,68,48.9,0,999.9,0,599,20,17.4
4,2013,6,6,06/06/2013,58.6,51,1022,10,7.5,14,999.9,66,51.1,0,999.9,0,605,23,20
7,2013,6,9,09/06/2013,63.6,57.2,1019.3,6.9,8.1,13,999.9,72,53.1,0.01,999.9,1,533,20,17.4
1,2013,6,10,10/06/2013,62.2,56.1,1021.3,9.3,6,8.9,999.9,72,53.1,0,999.9,0,624,28,24.3
6,2013,6,15,15/06/2013,62.4,52.3,1011,10,7.4,13,999.9,72,52,0.14,999.9,0,596,20,17.4
4,2013,6,20,20/06/2013,60.6,53.1,1023.9,9.6,5.6,12,999.9,69.1,52,0.1,999.9,0,681,21,18.2
5,2013,6,21,21/06/2013,62,56.1,1025.9,10,8.3,11.1,999.9,68,57,0.05,999.9,0,690,21,18.2
6,2013,6,22,22/06/2013,63.4,58.5,1024.6,10,8.2,12,999.9,71.1,59,0,999.9,0,599,25,21.7
7,2013,6,23,23/06/2013,64.9,60.9,1021.8,9.8,9,14,999.9,70,61,0.01,999.9,0,505,26,22.6
2,2013,6,25,25/06/2013,69.7,63.8,1012.8,8.4,10.2,14,999.9,78.1,64,0,999.9,0,648,29,25.2
4,2013,6,27,27/06/2013,65.5,64,1010,3.1,5.4,13,999.9,69.1,62.1,0,999.9,1,598,30,26.1
7,2013,6,30,30/06/2013,65.4,64.2,1012.1,1.9,8.8,14,999.9,69.1,64,0.05,999.9,1,423,21,18.2
3,2013,7,3,03/07/2013,68.7,67.2,1024.1,2.5,9.5,15,999.9,72,64.4,0.03,999.9,1,635,21,18.2
2,2013,7,9,09/07/2013,72.7,69.3,1018,5.7,7,13,999.9,80.1,69.1,0,999.9,1,583,30,26.1
3,2013,7,10,10/07/2013,71.1,69.7,1015.5,1.9,7.1,12,999.9,77,69.1,0,999.9,1,614,25,21.7
6,2013,7,13,13/07/2013,67.9,66.3,1024.4,3.3,6.2,9.9,999.9,75.9,63,0.01,999.9,1,575,,0
7,2013,7,14,14/07/2013,72.9,70.5,1025.1,4.5,5.3,14,999.9,79,66,0.01,999.9,1,471,18,15.6
1,2013,7,15,15/07/2013,76.3,71.2,1021.6,9.3,5.7,9.9,999.9,82.9,69.1,0,999.9,0,581,18,15.6
2,2013,7,16,16/07/2013,77.4,68.4,1019.6,8.3,7.3,14,999.9,87.1,69.1,0,999.9,0,582,21,18.2
3,2013,7,17,17/07/2013,72.9,65.8,1020.8,9.9,5.6,8.9,999.9,84,66.9,0,999.9,0,609,18,15.6
4,2013,7,18,18/07/2013,75.6,69.6,1016.6,8.1,6.8,14,999.9,88,68,0,999.9,0,636,18,15.6
7,2013,7,21,21/07/2013,72.8,69.1,1012.6,6.6,5.3,12,999.9,77,66.9,0.04,999.9,0,447,25,21.7
1,2013,7,22,22/07/2013,68.3,65.9,1015.1,5.6,5.1,8,999.9,78.1,64,0.17,999.9,1,591,20,17.4
1,2013,7,29,29/07/2013,69.2,67.1,1017.1,6.5,5.3,9.9,999.9,73.9,64,0.02,999.9,0,597,24,20.9
2,2013,7,30,30/07/2013,71.2,64.3,1018,7.8,7.8,11.1,999.9,77,66.2,0.01,999.9,1,584,20,17.4
3,2013,7,31,31/07/2013,70.6,62.6,1019.3,10,6.7,8.9,999.9,78.1,64.9,0,999.9,0,553,16,13.9
4,2013,8,1,01/08/2013,68.9,64.7,1016.5,9.8,5.3,9.9,999.9,78.1,63,0.01,999.9,0,643,21,18.2
2,2013,8,6,06/08/2013,66.2,54.5,1019.1,10,5.3,8.9,999.9,73.9,55.9,0,999.9,0,543,23,20
3,2013,8,7,07/08/2013,64.5,55.9,1022,9.9,5.1,9.9,999.9,73.9,54,0,999.9,0,508,29,25.2
4,2013,8,8,08/08/2013,67.8,64,1020.1,10,6.7,9.9,999.9,75,54,0,999.9,0,549,18,15.6
7,2013,8,11,11/08/2013,69.5,56.7,1017,10,7.5,11.1,999.9,80.1,60.1,0,999.9,0,481,,0
1,2013,8,12,12/08/2013,68.2,63.2,1016.8,10,7.2,11.1,999.9,75,60.1,0,999.9,0,519,18,15.6
2,2013,8,13,13/08/2013,67.8,66.7,1011.1,4.6,3.4,17.1,999.9,73.9,64,0,999.9,1,552,,0
5,2013,8,16,16/08/2013,67.4,59.7,1021.2,10,8.2,12,999.9,73,62.1,0,999.9,0,678,18,15.6
6,2013,8,17,17/08/2013,67.3,59.8,1023.8,10,3.2,8,999.9,75.9,55.9,0,999.9,0,504,,0
7,2013,8,18,18/08/2013,64.8,58.4,1023.8,8.4,3.3,8,999.9,75.9,55.9,0.01,999.9,1,442,,0
1,2013,8,19,19/08/2013,65.5,60.8,1017.5,9.5,8.1,13,999.9,73.9,57,0.39,999.9,0,462,,0
2,2013,8,20,20/08/2013,71,64.7,1017.3,9.5,7,11.1,999.9,78.1,57,0.01,999.9,0,542,,0
3,2013,8,21,21/08/2013,70.3,66.7,1020.1,7.1,6.5,9.9,999.9,79,64,0,999.9,1,562,20,17.4
4,2013,8,22,22/08/2013,70.5,68.9,1016.9,3.9,9.8,14,999.9,79,64,0.01,999.9,1,578,20,17.4
7,2013,8,25,25/08/2013,64,54.6,1026.6,10,6.7,12,999.9,75,50,0,999.9,0,459,21,18.2
2,2013,8,27,27/08/2013,68,66.6,1011.8,4.5,8,14,999.9,70,64.4,0.39,999.9,1,506,25,21.7
3,2013,8,28,28/08/2013,66.4,64.6,1012,3.9,6.8,9.9,999.9,72,62.6,0.67,999.9,1,482,,0
6,2013,8,31,31/08/2013,69.4,67,1011.9,7,10.9,13,999.9,75,59,0,999.9,0,480,20,17.4
7,2013,9,1,01/09/2013,70.7,68.3,1012.4,7.5,10.1,13,999.9,75.9,66.9,0,999.9,0,480,18,15.6
1,2013,9,2,02/09/2013,70.8,68.7,1010.3,7,7.7,11.1,999.9,75.9,68,0,999.9,1,431,,0
2,2013,9,3,03/09/2013,70.1,69,1008.1,2,6.8,11.1,999.9,75.9,66,0.05,999.9,1,551,20,17.4
5,2013,9,6,06/09/2013,60.3,47.8,1021.1,10,5.3,12,999.9,75.9,52,0,999.9,0,524,23,20
3,2013,9,18,18/09/2013,56.1,42.7,1025.2,10,5.8,11.1,999.9,69.1,43,0,999.9,0,571,,0
5,2013,9,20,20/09/2013,62.6,58.5,1018.4,9.5,6.2,8.9,999.9,71.1,53.6,0.01,999.9,0,631,18,15.6
6,2013,9,21,21/09/2013,63.6,60.3,1015.6,9.9,7.8,13,999.9,72,54,0.01,999.9,1,546,37,32.1
3,2013,9,25,25/09/2013,55.3,45.3,1012.3,10,4.5,8.9,999.9,64,44.1,0,999.9,0,539,,0
6,2013,9,28,28/09/2013,59.2,50.1,1024.6,10,7.4,11.1,999.9,69.1,50,0,999.9,0,547,,0
7,2013,9,29,29/09/2013,54.9,50.1,1022.8,10,7.8,13,999.9,69.1,45,0.01,999.9,0,506,,0
2,2013,10,1,01/10/2013,62.1,51.8,1012.9,10,8,15,999.9,70,53.1,0,999.9,0,616,,0
4,2013,10,3,03/10/2013,65.8,56.3,1016.4,10,6.5,8.9,999.9,75.9,59,0,999.9,0,590,,0
5,2013,10,4,04/10/2013,62.8,57.5,1017.7,9.3,5.2,8.9,999.9,71.1,53.6,0.01,999.9,1,658,20,17.4
6,2013,10,5,05/10/2013,61.3,57.7,1018,9.6,4.2,8,999.9,72,54,0.13,999.9,0,497,,0
1,2013,10,14,14/10/2013,51.5,44,1027,10,4.6,8.9,999.9,62.1,41,0,999.9,0,440,,0
2,2013,10,15,15/10/2013,53.9,47.3,1023.8,10,6.3,12,999.9,63,41,0.01,999.9,0,615,,0
3,2013,10,16,16/10/2013,57.5,55.4,1017.7,6.2,9.3,14,999.9,63,44.1,0.01,999.9,0,548,,0
4,2013,10,17,17/10/2013,59.4,57.4,1011.5,7.9,6.1,11.1,999.9,63,55,0.01,999.9,0,574,,0
2,2013,10,22,22/10/2013,59.1,52.4,1012.5,10,6.1,8.9,999.9,66.9,39.9,0,999.9,0,540,23,20
3,2013,10,23,23/10/2013,52.5,44.6,1005.8,9.8,7.9,12,999.9,66.9,48,0,999.9,0,558,20,17.4
3,2013,10,30,30/10/2013,46.8,38.6,1025.8,10,5.2,11.1,999.9,57.9,34,0,999.9,0,558,,0
4,2013,10,31,31/10/2013,54.8,50.9,1021.4,9.1,6,12,999.9,62.1,34,0,999.9,0,615,20,17.4
2,2013,11,5,05/11/2013,43.5,30.4,1037.8,10,3.9,7,999.9,50,37.9,0,999.9,0,510,,0
3,2013,11,6,06/11/2013,46.5,41.4,1030.4,10,3.7,8.9,999.9,57,36,0,999.9,0,635,21,18.2
6,2013,11,16,16/11/2013,51.2,43.6,1025,9.6,6.5,9.9,999.9,57.9,46.9,0,999.9,0,612,,0
7,2013,11,17,17/11/2013,48.9,45.9,1024.9,6.8,7,13,999.9,55.9,37.4,0,999.9,1,532,,0
4,2013,11,21,21/11/2013,39,26.7,1035,10,4.9,9.9,999.9,48,30.9,0,999.9,0,628,,0
6,2013,11,30,30/11/2013,31.3,15.4,1038.9,10,6.5,12,999.9,37.9,25,0,999.9,0,479,,0
7,2013,12,1,01/12/2013,43.1,35,1026.2,9.8,10.9,14,999.9,50,25,0,999.9,0,420,,0
1,2013,12,2,02/12/2013,44,42.1,1014.2,7,7.1,11.1,999.9,50,39,0.07,999.9,1,549,,0
3,2013,12,4,04/12/2013,39.8,31.7,1017.2,9.8,6.4,11.1,999.9,45,30.9,0,999.9,0,520,21,18.2
5,2013,12,20,20/12/2013,42.5,37.5,1019,8.3,7.4,12,999.9,52,32,0,999.9,0,674,30,26.1
6,2013,12,21,21/12/2013,47.6,45.6,1016.3,5.5,9,14,999.9,52,32,0,999.9,0,594,21,18.2
5,2014,1,10,10/01/2014,28.8,22.6,1034.1,9.7,5.8,11.1,999.9,39.2,12.9,0,999.9,0,667,,0
1,2014,1,13,13/01/2014,38.6,31.2,1018.7,9.2,7.7,12,999.9,46.9,28.9,0.01,999.9,0,568,22,19.1
4,2014,1,16,16/01/2014,40.8,39.3,1010.6,4.6,5.9,11.1,999.9,46,32,0,999.9,0,521,,0
5,2014,1,17,17/01/2014,38.6,35.8,1014.8,6.7,3.7,8.9,999.9,44.1,32,0,999.9,1,589,18,15.6
3,2014,1,29,29/01/2014,20.3,10.4,1021.2,6.3,8.1,14,999.9,27,17.1,0.02,999.9,0,649,25,21.7
6,2014,2,1,01/02/2014,35.6,25.1,1024.8,10,4.8,8,999.9,41,30.9,0,999.9,0,507,,0
2,2014,2,4,04/02/2014,32.5,26.2,1027.2,10,7.8,14,999.9,41,27,0.61,999.9,0,613,,0
7,2014,2,9,09/02/2014,30.3,18.2,1018.7,10,4.9,9.9,999.9,37,21.9,0,999.9,0,450,20,17.4
7,2014,2,23,23/02/2014,42,36.9,1015.4,9.5,9.1,13,999.9,46.9,34,0,999.9,0,414,21,18.2
6,2014,3,1,01/03/2014,24.1,12.5,1029.1,10,5.2,11.1,999.9,35.1,12,0,999.9,0,497,16,13.9
2,2014,3,4,04/03/2014,24.8,12.2,1025.5,10,8.3,12,999.9,30,21,0,999.9,0,532,,0
1,2014,3,10,10/03/2014,33.5,24,1010.7,8.9,6.1,15,999.9,39.2,28,0,999.9,0,513,10,8.7
2,2014,3,25,25/03/2014,26.5,10.5,1019.8,10,4.1,8.9,999.9,35.1,15.1,0,999.9,0,474,23,20
3,2014,4,2,02/04/2014,39.3,28.6,1019.1,10,5.6,11.1,999.9,48,32,0,999.9,0,519,,0
4,2014,4,10,10/04/2014,41.6,28.9,1019.5,9.9,8.8,15.9,999.9,57,28,0,999.9,0,645,31,26.9
6,2014,4,12,12/04/2014,50.1,40.8,1019.1,8.5,8.6,13,999.9,64,43,0,999.9,0,578,21,18.2
1,2014,4,21,21/04/2014,43.1,36.9,1022.3,10,6.2,11.1,999.9,53.1,34,0,999.9,0,521,20,17.4
2,2014,4,22,22/04/2014,49.5,43.2,1007.7,10,5.6,8.9,999.9,57.9,34,0,999.9,0,459,17,14.8
5,2014,5,2,02/05/2014,51.9,44.7,1006.4,6.4,10.2,15,999.9,61,46.4,0.21,999.9,1,698,26,22.6
6,2014,5,3,03/05/2014,50.9,41.1,1010.3,9.1,6.4,13,999.9,61,41,0.01,999.9,0,590,24,20.9
2,2014,5,6,06/05/2014,52.2,40.5,1011.1,9.6,5.7,11.1,999.9,59,46.9,0.01,999.9,0,565,28,24.3
3,2014,5,7,07/05/2014,51.6,38.3,1019.8,10,6.8,11.1,999.9,60.1,46,0,999.9,0,603,21,18.2
4,2014,5,8,08/05/2014,52,43.4,1022.3,9.6,7.5,12,999.9,62.1,46,0,999.9,0,596,21,18.2
5,2014,5,9,09/05/2014,51.5,44.5,1022.6,8.7,6.7,14,999.9,55.9,44.6,0,999.9,1,584,28,24.3
3,2014,5,14,14/05/2014,51.2,44.3,1026.5,10,9.8,15,999.9,59,45,0,999.9,0,638,16,13.9
3,2014,5,21,21/05/2014,56.3,47.6,1014.9,10,6,9.9,999.9,68,45,0,999.9,0,575,22,19.1
4,2014,5,22,22/05/2014,50.3,46.2,1013.1,8.6,6,13,999.9,57,46,0,999.9,1,593,0,0
7,2014,5,25,25/05/2014,53.7,44.4,1018.2,10,5.4,8.9,999.9,59,48,0,999.9,0,472,0,0
5,2014,5,30,30/05/2014,49.7,42.2,1019.4,10,5.7,9.9,999.9,57.9,41,0,999.9,0,650,0,0
1,2014,6,2,02/06/2014,57.4,46.6,1022.9,10,6.8,14,999.9,68,48,0,999.9,0,643,24,20.9
2,2014,6,3,03/06/2014,58.2,47.9,1016.6,10,8.8,15,999.9,69.1,46.9,0,999.9,0,663,25,21.7
3,2014,6,4,04/06/2014,55.2,51.2,1011.4,7.6,8.3,12,999.9,64.9,51.1,0,999.9,1,582,18,15.6
6,2014,6,7,07/06/2014,65.6,54,1012.5,9.9,8.6,12,999.9,73.9,57,0,999.9,0,623,,0
7,2014,6,8,08/06/2014,64.9,55.5,1013.2,9.8,4.8,8,999.9,77,55.9,0,999.9,0,516,23,20
1,2014,6,9,09/06/2014,61.2,57,1015.2,7.1,5.6,9.9,999.9,68,55,0,999.9,1,528,,0
2,2014,6,10,10/06/2014,63.8,60.7,1015.8,8.7,5.6,8.9,999.9,66.9,61,0.03,999.9,0,569,,0
6,2014,6,14,14/06/2014,66.5,63.8,1009.7,4.8,5.7,11.1,999.9,75.9,62.1,0.26,999.9,1,613,31,26.9
2,2014,6,17,17/06/2014,62.5,55.2,1019,10,8.2,12,999.9,73,57.9,0,999.9,0,666,,0
4,2014,6,19,19/06/2014,67.3,61.5,1013.6,9.7,6.5,9.9,999.9,72,63.7,0,999.9,0,675,,0
5,2014,6,20,20/06/2014,64.6,48.8,1013.2,9.8,6,11.1,999.9,73,52,0.08,999.9,0,765,18,15.6
6,2014,6,21,21/06/2014,59.9,46.2,1013.9,10,5.1,12,999.9,73,48,0,999.9,0,557,,0
7,2014,6,22,22/06/2014,63.2,49.2,1014.6,9.9,6,11.1,999.9,73,48,0,999.9,0,477,18,15.6
1,2014,6,23,23/06/2014,62.1,50.3,1019.7,10,4.1,9.9,999.9,73,52,0,999.9,0,644,22,19.1
2,2014,6,24,24/06/2014,60,51.9,1022,10,5.3,12,999.9,66.9,53.1,0,999.9,0,632,31,26.9
3,2014,6,25,25/06/2014,66.8,61.6,1017,9.9,8.3,13,999.9,73.9,61,0,999.9,0,646,30,26.1
6,2014,6,28,28/06/2014,62.2,51.9,1024.1,9.5,4.8,8,999.9,72,52,0.02,999.9,0,611,21,18.2
7,2014,6,29,29/06/2014,64.7,57.9,1024,9.5,5,8.9,999.9,72,55.9,0.01,999.9,0,537,23,20
1,2014,6,30,30/06/2014,67.3,61.6,1019,10,8,12,999.9,73,55,0.01,999.9,0,610,24,20.9
4,2014,7,3,03/07/2014,69.1,67.3,1015.3,1.8,8.5,12,999.9,75.9,66,0,999.9,1,740,44,38.2
5,2014,7,11,11/07/2014,69.1,62.4,1021.9,6.5,4.3,8,999.9,78.1,64,0.03,999.9,1,642,17,14.8
6,2014,7,12,12/07/2014,65.7,58.8,1023.4,9.9,4.4,9.9,999.9,75.9,57.9,0.01,999.9,0,550,25,21.7
7,2014,7,13,13/07/2014,68.7,63.6,1020,9.8,9.7,14,999.9,73,57.9,0.01,999.9,0,439,30,26.1
4,2014,7,17,17/07/2014,70.4,63.7,1013.3,7.7,4.5,8,999.9,77,66.2,0.01,999.9,1,587,18,15.6
5,2014,7,18,18/07/2014,69.6,59.4,1020.7,9.6,5,7,999.9,79,63,0.04,999.9,0,624,,0
6,2014,7,19,19/07/2014,65,54.1,1024.2,10,5,9.9,999.9,78.1,55.9,0,999.9,0,480,,0
2,2014,7,22,22/07/2014,67.1,63.5,1020.4,5.9,5.4,11.1,999.9,73,60.1,0.02,999.9,1,587,23,20
5,2014,7,25,25/07/2014,67.4,60.8,1013.4,10,5.9,8.9,999.9,77,61,0,999.9,0,653,17,14.8
6,2014,7,26,26/07/2014,66.9,63.2,1015.8,9.8,6.9,9.9,999.9,75,61,0,999.9,0,534,20,17.4
7,2014,7,27,27/07/2014,68.6,65.2,1011.4,9.9,7.6,14,999.9,73.9,62.1,0.01,999.9,0,476,,0
2,2014,7,29,29/07/2014,68.9,62.8,1007.7,9.6,10.5,15.9,999.9,73.9,64.9,0.12,999.9,0,526,32,27.8
3,2014,7,30,30/07/2014,67.3,60.6,1015.5,9.3,5.5,11.1,999.9,75,59,0,999.9,0,605,20,17.4
4,2014,7,31,31/07/2014,67.7,62.9,1019.8,9.6,6.3,11.1,999.9,75,59,0.01,999.9,0,626,24,20.9
5,2014,8,1,01/08/2014,67.5,62.9,1023.5,9,5.3,8.9,999.9,73.9,59,0.01,999.9,0,667,23,20
7,2014,8,3,03/08/2014,66.4,64.6,1019.1,6,5.1,9.9,999.9,70,61,0.6,999.9,1,476,,0
1,2014,8,4,04/08/2014,68.2,65.5,1017.7,6,5.2,12,999.9,73,64,0.04,999.9,1,589,20,17.4
2,2014,8,5,05/08/2014,69.2,67.4,1016.2,3.7,6.6,11.1,999.9,75.9,64.9,0,999.9,1,606,21,18.2
3,2014,8,6,06/08/2014,70.1,65.7,1010.1,4.4,4.3,8.9,999.9,78.1,66,0.01,999.9,1,562,28,24.3
5,2014,8,8,08/08/2014,66.3,57.6,1014.9,10,7.4,14,999.9,77,59,0.19,999.9,0,601,,0
6,2014,8,9,09/08/2014,70.4,61.3,1017.2,9.9,6.4,8.9,999.9,78.1,60.1,0,999.9,0,538,,0
7,2014,8,10,10/08/2014,69.1,61.4,1019.2,9.8,4.6,8,999.9,81,57.9,0.01,999.9,0,512,,0
1,2014,8,11,11/08/2014,66.3,59.2,1021.1,7.8,3.6,8.9,999.9,81,57,0.01,999.9,1,604,20,17.4
2,2014,8,12,12/08/2014,67.2,62.2,1020.2,10,7.8,12,999.9,75,57,0.01,999.9,0,491,25,21.7
6,2014,8,16,16/08/2014,66.3,58.8,1015.3,9.7,8.2,12,999.9,73,59,0,999.9,0,490,20,17.4
2,2014,8,19,19/08/2014,63.9,56.9,1012.6,8.8,4.1,8,999.9,73.9,54,0.01,999.9,1,516,18,15.6
3,2014,8,20,20/08/2014,63.8,55.9,1015.5,9.9,6,12,999.9,73,52,0.01,999.9,0,551,20,17.4
4,2014,8,21,21/08/2014,67.1,60.6,1017.5,10,7.7,12,999.9,73,52,0.01,999.9,0,567,,0
1,2014,8,25,25/08/2014,63.3,56.5,1020.5,10,3.8,8,999.9,72,54,0,999.9,0,549,,0
2,2014,8,26,26/08/2014,63,56,1021.1,10,3.5,8.9,999.9,72,53.1,0,999.9,0,608,17,14.8
3,2014,8,27,27/08/2014,67.5,64.7,1016.3,6.5,7.3,12,999.9,75,53.1,0.02,999.9,1,538,28,24.3
6,2014,8,30,30/08/2014,60.1,51.2,1025.5,10,6.3,9.9,999.9,71.1,46,0,999.9,0,510,22,19.1
2,2014,9,2,02/09/2014,71.1,69.4,1013.1,1.7,6.8,9.9,999.9,77,68,0.01,999.9,1,700,35,30.4
4,2014,9,4,04/09/2014,69.4,60.8,1020.5,9.9,5.2,12,999.9,82,59,0,999.9,0,727,23,20
5,2014,9,5,05/09/2014,70.3,67.2,1021.3,8.7,7.5,13,999.9,78.1,59,0.01,999.9,1,647,18,15.6
4,2014,9,11,11/09/2014,64.4,60.3,1014.8,9.7,6.4,13,999.9,73,54,0,999.9,0,619,23,20
1,2014,9,15,15/09/2014,57.5,47.6,1022,10,3.6,8,999.9,66,46.9,0,999.9,0,610,,0
2,2014,9,16,16/09/2014,61.2,50.8,1017,10,6.5,9.9,999.9,66.9,46.9,0,999.9,0,613,,0
3,2014,9,17,17/09/2014,61.9,54.4,1015.5,9.8,4.6,13,999.9,70,51.1,0,999.9,0,658,,0
6,2014,9,20,20/09/2014,57,47.3,1027.2,10,7.7,12,999.9,68,44.1,0,999.9,0,594,,0
6,2014,9,27,27/09/2014,63.5,55.3,1020.7,9.9,6.2,9.9,999.9,75.9,53.1,0.01,999.9,0,600,,0
7,2014,9,28,28/09/2014,63.3,58.5,1020.5,9.9,4.4,9.9,999.9,75.9,53.1,0,999.9,0,512,16,13.9
1,2014,9,29,29/09/2014,65.9,63.2,1015.5,9.2,6.7,11.1,999.9,73,53.1,0.02,999.9,0,566,,0
2,2014,9,30,30/09/2014,63.3,61.3,1014.7,6.7,7,18.1,999.9,72,62.1,0.02,999.9,0,589,25,21.7
1,2014,10,6,06/10/2014,55.7,42.6,1018.6,10,6.9,13,999.9,64,45,0,999.9,0,639,32,27.8
1,2014,10,13,13/10/2014,50.9,43.2,1027.7,10,4.2,9.9,999.9,62.1,39,0,999.9,0,451,16,13.9
2,2014,10,14,14/10/2014,63.2,58.4,1025.4,10,8.2,9.9,999.9,66.9,59,0,999.9,0,697,32,27.8
3,2014,10,15,15/10/2014,64.9,62.1,1021,9.9,9.5,12,999.9,70,61,0.01,999.9,0,575,30,26.1
6,2014,10,18,18/10/2014,62.7,58.8,1003.7,9,7.5,12,999.9,68,59,0.02,999.9,0,494,25,21.7
2,2014,10,28,28/10/2014,54.3,48,1017.5,9.9,6.1,9.9,999.9,64.9,39.9,0,999.9,0,571,,0
3,2014,10,29,29/10/2014,61.9,59,1013.1,8,9.8,14,999.9,66,57.9,0,999.9,0,556,21,18.2
3,2014,11,5,05/11/2014,57.7,52.4,1018.3,9.3,11.1,15,999.9,62.1,54,0,999.9,0,554,26,22.6
1,2014,11,10,10/11/2014,48.2,42.2,1019.2,9.6,4,7,999.9,59,39,0,999.9,0,560,,0
2,2014,11,11,11/11/2014,51,47.2,1020.7,9.5,8.2,12,999.9,59,39,0,999.9,1,493,17,14.8
3,2014,11,12,12/11/2014,56.5,53.5,1012.9,6,5.2,11.1,999.9,68,45,0,999.9,1,546,21,18.2
4,2014,11,13,13/11/2014,49.8,41.1,1015.5,8.6,8.4,999.9,999.9,68,45,0,999.9,1,696,,0
6,2014,11,29,29/11/2014,30.9,16.8,1025.3,10,6.6,14,999.9,39,25,0,999.9,0,394,,0
7,2014,11,30,30/11/2014,46.1,38.6,1024,9.9,9.8,15,999.9,55.9,24.1,0,999.9,0,377,,0
1,2014,12,1,01/12/2014,53.2,49,1019.8,7.4,9.8,14,999.9,57,39.9,0,999.9,0,644,28,24.3
3,2014,12,10,10/12/2014,47.9,44.8,999.6,8.4,8.6,15.9,999.9,57,44.1,2.11,999.9,0,649,32,27.8
7,2014,12,14,14/12/2014,39,30.1,1008.6,10,10.9,15.9,999.9,42.8,36,0,999.9,0,439,29,25.2
1,2014,12,15,15/12/2014,37.8,31.6,1014.5,9.9,5.8,11.1,999.9,44.6,32,0,999.9,0,720,,0
2,2014,12,16,16/12/2014,44,37,1019.7,9.6,4.2,8,999.9,48,33.1,0,999.9,0,645,,0
5,2014,12,19,19/12/2014,37.3,26.2,1012.9,10,9.6,15.9,999.9,46,34,0,999.9,0,652,28,24.3
7,2014,12,21,21/12/2014,41.4,34,1024.2,9.8,7.1,9.9,999.9,46,36,0.06,999.9,0,409,0,0
6,2014,12,27,27/12/2014,43.7,36.4,1021.8,10,7.4,11.1,999.9,51.1,37.9,0,999.9,0,406,,0
3,2014,12,31,31/12/2014,26.9,8.3,1025.3,9.9,7.5,12,999.9,37,21.9,0,999.9,0,461,74,64.3
3,2015,1,21,21/01/2015,32.3,17.7,1018.1,10,7.9,13,999.9,39,25,0,999.9,0,495,,0
4,2015,1,22,22/01/2015,35.5,30.5,1021,8.4,8.4,12,999.9,39,25,0.13,999.9,0,508,24,20.9
5,2015,1,23,23/01/2015,31.6,20.4,1022.8,10,10.4,15.9,999.9,39,27,0.09,999.9,0,598,24,20.9
5,2015,1,30,30/01/2015,35.1,31.1,1012.2,8.4,8.1,15,999.9,41,23,0,999.9,0,622,43,37.4
3,2015,2,4,04/02/2015,28.1,18.4,1024.9,10,7.6,12,999.9,39.9,14,0,999.9,0,585,,0
6,2015,2,7,07/02/2015,27.4,16,1019.2,9.5,10.3,15.9,999.9,33.1,10.9,0,999.9,0,449,,0
7,2015,2,8,08/02/2015,34.5,29.9,1015.9,7.6,6,9.9,999.9,37.9,21.9,0,999.9,0,394,25,21.7
4,2015,2,12,12/02/2015,31,23.6,1009.5,8.9,9.5,14,999.9,35.1,27,0,999.9,0,526,41,35.6
6,2015,2,14,14/02/2015,20.6,8.9,1016.8,8.6,8.4,21,999.9,33.1,8.1,0,999.9,1,436,23,20
3,2015,2,18,18/02/2015,30.6,24.5,1010.4,10,8.8,13,999.9,36,16,0,999.9,0,626,,0
6,2015,2,21,21/02/2015,21.9,10.6,1031.6,10,8.5,15.9,999.9,37,3.9,0,999.9,0,517,24,20.9
5,2015,2,27,27/02/2015,24.2,12.2,1023.7,10,9.3,15.9,999.9,30.9,19.9,0,999.9,0,703,24,20.9
7,2015,3,1,01/03/2015,23.1,14.2,1037.5,9.1,5.1,8.9,999.9,30.9,10,0,999.9,0,693,,0
2,2015,3,10,10/03/2015,36.5,30.3,1025.5,9.9,6,13,999.9,44.1,24.1,0,999.9,0,584,18,15.6
6,2015,3,21,21/03/2015,34.2,31,1016.6,7,8.5,13,999.9,41,21.9,0.02,999.9,0,507,22,19.1
2,2015,3,24,24/03/2015,31.4,16.3,1024.7,10,6.7,11.1,999.9,37.9,21,0,999.9,0,601,0,0
3,2015,3,25,25/03/2015,33.6,24.1,1028.8,9.9,6.7,11.1,999.9,44.1,24.1,0,999.9,0,538,24,20.9
4,2015,4,2,02/04/2015,37.1,27.6,1022.3,9.9,7,15.9,999.9,46.9,24.1,0,999.9,0,653,30,26.1
1,2015,4,6,06/04/2015,43.2,36.1,1026.3,9.5,6.8,13,999.9,51.1,32,0,999.9,1,510,22,19.1
1,2015,4,13,13/04/2015,45,38.2,1027.8,10,9.1,12,999.9,54,32,0,999.9,0,554,30,26.1
6,2015,4,18,18/04/2015,51.9,45.2,1012.7,7.3,7.7,14,999.9,64,41,0.12,999.9,1,605,25,21.7
7,2015,4,26,26/04/2015,46.1,34,1004.6,9.8,7.4,11.1,999.9,54,37,0,999.9,0,477,24,20.9
6,2015,5,2,02/05/2015,44.4,36.7,1015.4,10,9.6,15,999.9,51.1,39,0,999.9,0,540,21,18.2
7,2015,5,3,03/05/2015,44.5,38,1019,9.9,5.3,11.1,999.9,53.1,32,0,999.9,1,555,22,19.1
3,2015,5,6,06/05/2015,55.3,42.1,1023.9,9.7,6.8,13,999.9,71.1,46.9,0,999.9,0,568,21,18.2
4,2015,5,7,07/05/2015,55.9,42.3,1022.4,9.8,7.2,14,999.9,70,42.1,0,999.9,0,684,18,15.6
5,2015,5,8,08/05/2015,52.4,47.8,1021.8,7.1,8.8,14,999.9,70,42.1,0,999.9,1,709,21,18.2
6,2015,5,9,09/05/2015,54.3,50.9,1026.1,4.4,6.4,11.1,999.9,64.9,46.9,0,999.9,1,560,21,18.2
7,2015,5,10,10/05/2015,57,54.8,1023.5,0.8,8.3,17.1,999.9,64.9,50,0.01,999.9,1,549,18,15.6
4,2015,5,14,14/05/2015,54,39.9,1025.2,10,6.9,13,999.9,66.9,45,0,999.9,0,654,20,17.4
5,2015,5,15,15/05/2015,54.4,46.4,1025.7,10,9.7,13,999.9,64.9,46.9,0,999.9,0,723,30,26.1
6,2015,5,16,16/05/2015,55.5,50.3,1023.7,9.9,7.5,11.1,999.9,64,48,0,999.9,0,650,,0
2,2015,5,19,19/05/2015,51.4,49.9,1015.7,2.3,8.6,13,999.9,61,46,0,999.9,1,606,30,26.1
5,2015,5,22,22/05/2015,53.8,48,1011.7,9.1,9.2,15.9,999.9,61,48,0.69,999.9,0,727,31,26.9
1,2015,5,25,25/05/2015,58.9,52.6,1025.6,10,11.4,15,999.9,66,51.1,0,999.9,0,420,25,21.7
5,2015,5,29,29/05/2015,65.4,57.4,1024.6,9.2,5.7,9.9,999.9,75.9,60.1,0,999.9,0,813,,0
6,2015,5,30,30/05/2015,63.3,59.9,1023.5,4.2,8.5,15,999.9,75.9,57.9,0,999.9,1,622,29,25.2
1,2015,6,1,01/06/2015,55.9,52.8,1021.5,4.9,12.7,19,999.9,71.1,53.1,0,999.9,0,691,26,22.6
5,2015,6,5,05/06/2015,53.1,46.6,1021.2,10,7.3,11.1,999.9,60.1,43,0,999.9,0,692,,0
7,2015,6,7,07/06/2015,59.5,45.8,1020.5,10,7.7,11.1,999.9,69.1,51.1,0.14,999.9,0,559,27,23.5
1,2015,6,8,08/06/2015,59.6,51.8,1018.6,10,10.6,15.9,999.9,69.1,51.1,0,999.9,0,634,29,25.2
3,2015,6,10,10/06/2015,65.2,58.5,1010.9,6.4,8.8,12,999.9,73,57.9,0.07,999.9,1,667,24,20.9
5,2015,6,12,12/06/2015,67,60.2,1014.4,5.9,6.8,13,999.9,79,61,0,999.9,1,451,23,20
1,2015,6,15,15/06/2015,57.8,51.4,1019.2,8,9.9,15.9,999.9,59,55,0,999.9,0,506,24,20.9
4,2015,6,18,18/06/2015,59.1,47.7,1019.3,10,3.9,8,999.9,66.9,48.9,0,999.9,0,615,16,13.9
1,2015,6,22,22/06/2015,67.1,62.7,1012,6.2,6.2,12,999.9,77,59,1.8,999.9,1,774,24,20.9
4,2015,6,25,25/06/2015,68.7,57.9,1015.5,10,7.4,11.1,999.9,79,62.1,0,999.9,0,670,21,18.2
5,2015,6,26,26/06/2015,66,60.5,1014.8,9.9,7.9,15,999.9,77,61,0,999.9,0,774,,0
6,2015,6,27,27/06/2015,61.5,55.4,1020.4,9.2,8.4,12,999.9,72,54,0,999.9,1,595,26,22.6
1,2015,6,29,29/06/2015,64.3,59.4,1010.8,7.4,9.7,15.9,999.9,71.1,57,0.11,999.9,1,662,24,20.9
2,2015,6,30,30/06/2015,67.1,61.8,1015.7,9.3,7.1,9.9,999.9,73.9,57,0,999.9,0,622,30,26.1
4,2015,7,2,02/07/2015,68.7,62.5,1011.7,7.1,7,12,999.9,77,61,0,999.9,0,603,,0
5,2015,7,3,03/07/2015,68.3,58.3,1013.2,7.6,5.8,17.1,999.9,77,61,0,999.9,1,549,,0
6,2015,7,4,04/07/2015,62.9,55.4,1015.2,8,6.2,11.1,999.9,77,55.9,0,999.9,0,389,,0
7,2015,7,5,05/07/2015,65.8,59.5,1017.5,9.3,8.2,15,999.9,73.9,55,0,999.9,0,467,18,15.6
1,2015,7,6,06/07/2015,69.2,64.4,1021.3,8.8,8.2,14,999.9,78.1,55,0,999.9,0,598,21,18.2
2,2015,7,7,07/07/2015,68.1,64.3,1019.7,7.4,8.2,11.1,999.9,78.1,62.1,0,999.9,0,646,22,19.1
3,2015,7,8,08/07/2015,70.6,67.8,1014.3,3.8,9.8,15,999.9,75.9,62.1,0,999.9,1,620,18,15.6
6,2015,7,11,11/07/2015,71.8,62.1,1015.9,10,8.4,14,999.9,81,60.1,0,999.9,0,597,,0
7,2015,7,12,12/07/2015,71.5,64.6,1016.1,9.7,9.3,14,999.9,81,64.9,0,999.9,0,521,,0
1,2015,7,13,13/07/2015,70.9,64.9,1013.8,8.3,5.3,8,999.9,80.1,66,0,999.9,0,668,,0
3,2015,7,15,15/07/2015,72.3,68.8,1004.1,6.8,4.5,11.1,999.9,82,62.1,0.01,999.9,1,611,26,22.6
5,2015,7,17,17/07/2015,64.9,57.6,1019.1,10,6,9.9,999.9,73,54,0,999.9,0,659,26,22.6
6,2015,7,18,18/07/2015,67.8,60.5,1017,10,9.7,13,999.9,73.9,55,0,999.9,0,561,21,18.2
7,2015,7,19,19/07/2015,71.4,67.9,1011.9,6.9,9,12,999.9,77,64,0,999.9,1,545,21,18.2
1,2015,7,20,20/07/2015,73.4,69.9,1005.9,4.1,9.3,13,999.9,81,69.1,0,999.9,1,727,17,14.8
2,2015,7,21,21/07/2015,72.6,69.7,1003.7,3.6,5.4,8.9,999.9,82,68,0,999.9,1,606,29,25.2
4,2015,7,23,23/07/2015,71.9,60.8,1010.4,10,8.3,14,999.9,80.1,63,0,999.9,0,623,23,20
5,2015,7,24,24/07/2015,71.7,60.3,1012.2,10,7.5,12,999.9,80.1,62.1,0,999.9,0,490,16,13.9
6,2015,7,25,25/07/2015,68.5,60.2,1015,9.7,4.4,8.9,999.9,80.1,60.1,0,999.9,0,451,20,17.4
7,2015,7,26,26/07/2015,65.8,61.6,1017.5,8.8,8.5,15,999.9,77,60.1,0,999.9,1,551,28,24.3
1,2015,7,27,27/07/2015,71.1,66.5,1017.3,9.9,8.3,9.9,999.9,75,61,0,999.9,0,626,22,19.1
2,2015,7,28,28/07/2015,72.4,68.7,1016.2,9,7.2,11.1,999.9,80.1,68,0,999.9,1,643,0,0
3,2015,7,29,29/07/2015,76,69.9,1014.2,5.4,6.8,12,999.9,86,68,0,999.9,1,629,23,20
4,2015,7,30,30/07/2015,74.2,70.7,1012.2,6.2,9.7,14,999.9,86,69.1,0,999.9,0,717,36,31.3
7,2015,8,2,02/08/2015,75.9,64.8,1011.7,9,7.8,12,999.9,82.9,66,0,999.9,0,550,23,20
1,2015,8,3,03/08/2015,74,68.2,1012.1,9.1,8.9,14,999.9,82.9,69.1,0,999.9,0,705,26,22.6
3,2015,8,5,05/08/2015,74.5,68.8,1011.2,7.6,7.8,12,999.9,81,68,0.02,999.9,1,619,23,20
4,2015,8,6,06/08/2015,73.5,59.6,1012.4,10,9.3,15,999.9,81,66.9,0,999.9,0,630,18,15.6
5,2015,8,7,07/08/2015,71.2,61.9,1013.1,10,7.4,12,999.9,79,64,0,999.9,0,726,,0
1,2015,8,10,10/08/2015,66.9,60.8,1017.6,9.3,6.6,13,999.9,73.9,55.9,0,999.9,1,611,22,19.1
3,2015,8,12,12/08/2015,71.9,67.4,1008.9,7.2,7.9,13,999.9,77,64,1.01,999.9,1,643,22,19.1
4,2015,8,13,13/08/2015,71.1,65.8,1014.7,8.4,5.2,8.9,999.9,79,63,0,999.9,1,714,16,13.9
5,2015,8,14,14/08/2015,70.4,63.5,1020.3,8.6,4.8,8.9,999.9,81,62.1,0,999.9,0,729,18,15.6
6,2015,8,15,15/08/2015,71.8,67,1020,8.2,6.7,11.1,999.9,81,62.1,0,999.9,1,582,24,20.9
7,2015,8,16,16/08/2015,74.3,68.8,1019.1,9.5,8.5,12,999.9,82,70,0,999.9,0,552,21,18.2
1,2015,8,17,17/08/2015,74.1,70.4,1018.5,7.6,8,12,999.9,82.9,70,0,999.9,0,592,20,17.4
2,2015,8,18,18/08/2015,74.5,71,1017.7,8.8,8.8,12,999.9,82.9,70,0,999.9,1,623,25,21.7
3,2015,8,19,19/08/2015,73.9,70.1,1018.9,6.3,5.4,8.9,999.9,81,69.1,0,999.9,1,594,24,20.9
5,2015,8,21,21/08/2015,73.6,70.2,1017,7.1,9.7,13,999.9,82,68,0,999.9,1,753,28,24.3
6,2015,8,22,22/08/2015,73.9,71.1,1017.2,4.8,6,8.9,999.9,82,70,0,999.9,1,581,16,13.9
7,2015,8,23,23/08/2015,73.4,69.9,1015.3,4.7,7.6,13,999.9,82,69.1,0,999.9,1,492,,0
1,2015,8,24,24/08/2015,71.7,69.2,1013.1,3.8,5.4,8.9,999.9,81,68,0,999.9,1,575,16,13.9
2,2015,8,25,25/08/2015,72.8,68.7,1012.4,9.7,7.4,12,999.9,81,66.9,0.01,999.9,0,595,23,20
3,2015,8,26,26/08/2015,73.8,68.1,1012.5,9.2,7.4,14,999.9,81,68,0.3,999.9,0,606,25,21.7
4,2015,8,27,27/08/2015,72.3,60.6,1014.9,10,8.5,13,999.9,81,62.1,0,999.9,0,614,24,20.9
5,2015,8,28,28/08/2015,71.4,59.5,1019.4,10,6.6,9.9,999.9,80.1,62.1,0,999.9,0,609,,0
6,2015,8,29,29/08/2015,70.3,62.5,1021.8,10,7,11.1,999.9,80.1,62.1,0,999.9,0,539,21,18.2
7,2015,8,30,30/08/2015,72.6,66.8,1018.9,10,8.5,14,999.9,80.1,63,0,999.9,0,563,21,18.2
2,2015,9,1,01/09/2015,74.6,64.7,1015.8,9.4,8.3,13,999.9,82,64.9,0,999.9,0,626,,0
3,2015,9,2,02/09/2015,66,62.6,1017.1,9.7,5.3,999.9,999.9,81,61,0,999.9,1,654,18,15.6
4,2015,9,3,03/09/2015,74.5,70,1011.5,7.5,6,999.9,999.9,81,69.1,0,999.9,0,665,,0
7,2015,9,6,06/09/2015,66.6,55.9,1023.5,10,4.7,8,999.9,72,50,0,999.9,0,504,18,15.6
4,2015,9,10,10/09/2015,73.8,71.2,1011.3,5.6,5.6,9.9,999.9,77,71.6,99.99,999.9,1,716,21,18.2
3,2015,9,16,16/09/2015,72.8,61.9,1024.8,10,6.2,13,999.9,81,64,0,999.9,0,748,16,13.9
4,2015,9,17,17/09/2015,69.3,65.6,1020.7,7.8,5.9,8.9,999.9,75.9,48.9,0,999.9,1,744,18,15.6
5,2015,9,18,18/09/2015,70.1,66.5,1017.8,7.9,6.4,9.9,999.9,77,48.9,0,999.9,1,760,17,14.8
6,2015,9,19,19/09/2015,70.4,66.2,1015.3,6.6,5.2,12,999.9,77,63,0.01,999.9,1,655,21,18.2
4,2015,9,24,24/09/2015,61.5,54.2,1024.2,10,9.2,20,999.9,73,50,0,999.9,0,619,,0
1,2015,9,28,28/09/2015,66.8,62,1025.3,9.7,6.7,11.1,999.9,75.9,48,0,999.9,0,586,,0
2,2015,9,29,29/09/2015,69.3,65.6,1020.1,8.5,7.8,12,999.9,75.9,61,0,999.9,0,557,21,18.2
3,2015,10,7,07/10/2015,57,50.5,1014.1,10,5.4,9.9,999.9,66,48.9,0,999.9,0,668,,0
7,2015,10,11,11/10/2015,56,46.7,1015.6,10,8.1,14,999.9,64,44.1,0,999.9,0,559,,0
1,2015,10,12,12/10/2015,60.2,55.1,1011.2,9.7,7.6,11.1,999.9,68,46,0,999.9,0,505,22,19.1
2,2015,10,13,13/10/2015,64.4,61.2,1003.5,6.5,8.3,12,999.9,73.9,50,0.18,999.9,1,724,21,18.2
3,2015,10,14,14/10/2015,63.8,57.7,1004.5,9,11.2,17.1,999.9,73.9,60.1,0.03,999.9,0,658,21,18.2
4,2015,10,15,15/10/2015,57.1,42,1012.2,10,10.4,14,999.9,68,52,0,999.9,0,683,17,14.8
3,2015,10,21,21/10/2015,62.7,52.4,1024.6,9.9,8.7,15,999.9,70,52,0,999.9,0,720,,0
7,2015,10,25,25/10/2015,57,51.7,1020.6,9.7,6.9,13,999.9,62.1,48.9,0,999.9,0,522,30,26.1
2,2015,10,27,27/10/2015,46.7,36.2,1034.1,10,5.9,8.9,999.9,57,36,0,999.9,0,631,,0
7,2015,11,1,01/11/2015,57,49.8,1016.1,9.9,8.7,15.9,999.9,62.1,52,0,999.9,0,312,22,19.1
2,2015,11,3,03/11/2015,54.4,50.7,1020.7,8.2,6.4,14,999.9,64.9,43,0,999.9,1,655,,0
3,2015,11,4,04/11/2015,57,49.3,1026.2,9.7,7.4,11.1,999.9,64,43,0,999.9,0,672,,0
4,2015,11,5,05/11/2015,58.9,55.9,1025.8,9.1,7.6,11.1,999.9,66.9,48.9,0,999.9,1,690,,0
1,2015,11,9,09/11/2015,51.4,37.7,1029.7,10,7.9,13,999.9,60.1,43,0,999.9,0,615,,0
1,2015,11,16,16/11/2015,54,41.2,1020.4,10,8.3,11.1,999.9,60.1,41,0,999.9,0,618,,0
3,2015,11,18,18/11/2015,42.9,33.8,1034.9,10,3.2,8.9,999.9,51.1,30.9,0,999.9,0,628,23,20
4,2015,11,19,19/11/2015,50.4,43.6,1028.9,10,11.8,18.1,999.9,57,30.9,0,999.9,0,797,41,35.6
3,2015,11,25,25/11/2015,39.6,26.8,1038.6,10,4.3,8,999.9,50,28.9,0,999.9,0,717,,0
4,2015,11,26,26/11/2015,50.1,41.2,1044.2,10,10.8,14,999.9,57,28.9,0,999.9,0,383,,0
5,2015,11,27,27/11/2015,52.6,48.4,1034.2,9.8,7.5,11.1,999.9,59,45,0,999.9,0,480,,0
6,2015,11,28,28/11/2015,54.5,50.4,1021.1,9.1,9.4,14,999.9,62.1,45,0,999.9,0,508,,0
7,2015,11,29,29/11/2015,46.1,38.8,1022.1,9.6,9.4,15,999.9,62.1,39.9,0,999.9,0,453,24,20.9
6,2015,12,5,05/12/2015,45.6,34,1035.5,10,6.1,11.1,999.9,52,35.1,0,999.9,0,629,,0
7,2015,12,6,06/12/2015,45.4,40.9,1032.5,8.5,6.2,13,999.9,55,34,0,999.9,1,485,,0
1,2015,12,7,07/12/2015,50.8,45.5,1020.7,8,9.2,14,999.9,55.9,34,0,999.9,0,668,,0
3,2015,12,9,09/12/2015,43.7,32.9,1021,10,8.7,17.1,999.9,50,34,0.3,999.9,0,575,21,18.2
5,2015,12,11,11/12/2015,52.2,50,1014,6.1,5.8,11.1,999.9,57.9,46,0,999.9,1,694,,0
7,2015,12,13,13/12/2015,53.6,46.9,1021,8.1,7.5,13,999.9,62.1,45,0,999.9,0,549,,0
1,2015,12,14,14/12/2015,52.6,48.2,1016.4,6.7,7.9,12,999.9,57,50,0,999.9,1,637,22,19.1
4,2015,12,17,17/12/2015,48.9,43.7,1019.4,8.8,9.7,18.1,999.9,57,42.1,0,999.9,0,745,21,18.2
5,2015,12,25,25/12/2015,56.1,52.9,1021.2,4,4.4,13,999.9,66,50,0.37,999.9,1,321,,0
4,2015,12,31,31/12/2015,46.5,41.8,9999.9,9.5,11,15,999.9,48,45,0,999.9,0,527,22,19.1
3,2016,1,6,06/01/2016,33.5,19.3,1033.1,10,8.3,17.1,999.9,45,21,0,999.9,0,625,,0
4,2016,1,7,07/01/2016,40.5,29.9,1026.9,10,6.8,13,999.9,46.9,24.1,0,999.9,0,542,,0
2,2016,1,12,12/01/2016,33,19.1,1015.4,10,7.9,14,999.9,50,19.9,0,999.9,0,637,36,31.3
5,2016,1,15,15/01/2016,36.5,25.6,1014.8,10,7.2,13,999.9,45,24.1,0,999.9,0,722,23,20
1,2016,1,25,25/01/2016,33.5,21.2,1021.4,10,6.5,8.9,999.9,37.9,30,0.02,999.9,0,658,,0
2,2016,1,26,26/01/2016,42.2,36.4,1021.5,9.1,11.1,17.1,999.9,48.2,28.9,0,999.9,0,734,21,18.2
3,2016,1,27,27/01/2016,43,36.7,1014,7.5,9.4,15,999.9,48,36,0,999.9,0,670,28,24.3
4,2016,1,28,28/01/2016,35,24.4,1016.1,10,4.3,8.9,999.9,46,23,0.09,999.9,0,681,20,17.4
5,2016,1,29,29/01/2016,41.3,36.8,999.4,10,5.9,9.9,999.9,45,23,0,999.9,0,645,36,31.3
2,2016,2,2,02/02/2016,43.2,32.2,1021.5,10,6.5,14,999.9,52,34,0.07,999.9,0,711,,0
3,2016,2,3,03/02/2016,42.6,37.8,1025.6,9.5,11.9,21,999.9,51.1,30.9,0,999.9,0,579,32,27.8
7,2016,2,7,07/02/2016,38.7,30.1,1022.3,10,6.7,12,999.9,44.1,28,0,999.9,0,423,,0
3,2016,2,10,10/02/2016,33.5,28,1002.2,9.1,4.2,8.9,999.9,37.9,28,0,999.9,0,537,26,22.6
1,2016,2,15,15/02/2016,18.6,7,1034.4,9.3,6,18.1,999.9,35.6,8.1,0,999.9,0,291,18,15.6
7,2016,2,21,21/02/2016,46.8,38.5,1010.7,8.4,11.2,14,999.9,54,39,0,999.9,0,481,24,20.9
7,2016,3,6,06/03/2016,33.2,18.7,1024.3,10,3.1,8,999.9,41,23,0,999.9,0,500,,0
1,2016,3,7,07/03/2016,36.8,26.1,1023.5,9.9,9,18.1,999.9,46,23,0,999.9,0,571,28,24.3
2,2016,3,8,08/03/2016,44.4,36.5,1019.8,8.8,8.5,13,999.9,51.1,26.1,0,999.9,0,632,18,15.6
3,2016,3,9,09/03/2016,46.4,41.8,1020.9,8,9.4,14,999.9,55,37.9,0,999.9,0,660,,0
4,2016,3,10,10/03/2016,49.6,43.8,1014.8,7.6,10.9,15.9,999.9,62.1,41,0,999.9,0,629,,0
6,2016,3,12,12/03/2016,41.2,35.4,1024,8.8,6.6,14,999.9,55,30.9,0.02,999.9,0,625,12,10.4
4,2016,3,17,17/03/2016,45.4,42.5,1008.2,5.9,8.5,15,999.9,48.9,42.8,0.01,999.9,0,612,40,34.8
7,2016,3,27,27/03/2016,40,32.8,1028.8,9.8,5.4,9.9,999.9,46.9,37,0,999.9,0,459,18,15.6
4,2016,3,31,31/03/2016,51,44.6,1019.5,8.7,13.1,17.1,999.9,59,37.9,0,999.9,0,652,26,22.6
1,2016,4,11,11/04/2016,47.8,38.9,1026,9.9,12.8,17.1,999.9,55,35.1,0,999.9,0,624,25,21.7
2,2016,4,12,12/04/2016,52.5,48.6,1018.9,6.4,13.6,18.1,999.9,57.9,44.1,0,999.9,0,638,29,25.2
1,2016,4,18,18/04/2016,49.5,35.9,1022.5,10,6,12,999.9,64,37,0,999.9,0,687,16,13.9
2,2016,4,19,19/04/2016,46.9,40,1016,9.8,7.9,20,999.9,64,37.9,0,999.9,0,732,25,21.7
5,2016,4,22,22/04/2016,55.4,48.4,1013.8,8.7,10.2,15.9,999.9,72,44.1,0,999.9,1,741,22,19.1
1,2016,4,25,25/04/2016,48.4,36.3,1017.1,10,9.2,14,999.9,55,37,0,999.9,0,488,,0
3,2016,4,27,27/04/2016,45,36.9,1011.9,10,7.8,12,999.9,51.1,41,0.24,999.9,0,510,18,15.6
4,2016,4,28,28/04/2016,47.7,34.1,1015.8,10,10.1,15,999.9,54,41,0,999.9,0,489,22,19.1
7,2016,5,1,01/05/2016,45.2,36.3,1024,9.7,6.1,13,999.9,55,37,0,999.9,0,484,20,17.4
1,2016,5,2,02/05/2016,51.3,48,1015.7,4.9,10.6,15.9,999.9,55.9,37,0.22,999.9,1,589,,0
2,2016,5,3,03/05/2016,48.2,45,1011.7,8.2,9,14,999.9,54,46.4,0.04,999.9,0,711,25,21.7
7,2016,5,8,08/05/2016,48.5,46.1,1005.4,2.9,9.6,14,999.9,66,45,0,999.9,1,591,35,30.4
2,2016,5,10,10/05/2016,51.9,38.2,1020.6,10,9,17.1,999.9,61,39.9,0,999.9,0,608,16,13.9
3,2016,5,11,11/05/2016,55.6,42.2,1020.2,10,7.6,12,999.9,66,39.9,0,999.9,0,699,17,14.8
4,2016,5,12,12/05/2016,55.2,45.5,1020,9.4,4.4,8.9,999.9,68,42.1,0,999.9,0,744,,0
5,2016,5,13,13/05/2016,55.5,51.7,1014.8,6.6,8.3,14,999.9,68,42.1,0,999.9,1,766,17,14.8
6,2016,5,14,14/05/2016,59.4,54,1006.2,6.9,8.1,12,999.9,70,45,0.1,999.9,1,589,40,34.8
5,2016,5,20,20/05/2016,56.4,47.9,1021.7,10,6.6,12,999.9,70,46,0,999.9,0,782,20,17.4
6,2016,5,21,21/05/2016,55.7,48.8,1021,9.7,6.5,9.9,999.9,70,46,0,999.9,0,568,,0
1,2016,5,23,23/05/2016,59.4,50.3,1011.9,10,9.6,15.9,999.9,72,52,0.03,999.9,0,652,,0
3,2016,5,25,25/05/2016,57.9,53.4,1015.7,7.7,8.7,14,999.9,64,51.1,0.01,999.9,0,733,21,18.2
5,2016,5,27,27/05/2016,60,55.8,1020,6.5,8.2,12,999.9,78.1,55.9,0,999.9,1,767,23,20
7,2016,5,29,29/05/2016,64.6,58.2,1021.1,10,7.7,13,999.9,75,59,0,999.9,0,566,24,20.9
5,2016,6,3,03/06/2016,58.4,55.9,1018.3,7.8,6.7,9.9,999.9,64.4,55,0,999.9,0,710,,0
6,2016,6,4,04/06/2016,60.2,58,1015.6,4.2,5.3,9.9,999.9,73.9,54,0,999.9,1,635,,0
2,2016,6,7,07/06/2016,61.2,59.8,1002.7,3.8,8.7,14,999.9,69.1,59,0,999.9,1,709,35,30.4
3,2016,6,15,15/06/2016,63.7,55,1011.7,10,8.9,14,999.9,73.9,55,0,999.9,0,739,23,20
5,2016,6,17,17/06/2016,63,51.5,1012.4,10,7.4,12,999.9,73,55.9,0,999.9,0,748,20,17.4
6,2016,6,18,18/06/2016,62.6,53.5,1021.7,10,7.3,11.1,999.9,73,53.1,0,999.9,0,700,21,18.2
7,2016,6,19,19/06/2016,59.9,51.5,1027.6,10,9.8,14,999.9,73,53.1,0,999.9,0,559,0,0
1,2016,6,20,20/06/2016,61.4,55.9,1022.8,10,8.6,12,999.9,66.9,54,0,999.9,0,745,20,17.4
4,2016,6,23,23/06/2016,63,59.4,1012.3,8.3,7,11.1,999.9,71.1,55.9,0,999.9,1,643,,0
5,2016,6,24,24/06/2016,65.3,56.6,1015.9,8.8,7.8,15,999.9,75,57,0,999.9,0,811,,0
7,2016,6,26,26/06/2016,60.8,49.4,1023.3,10,5.7,8.9,999.9,71.1,50,0,999.9,0,582,20,17.4
1,2016,6,27,27/06/2016,64.3,58.3,1020.6,10,9.3,14,999.9,71.1,50,0,999.9,0,718,29,25.2
2,2016,6,28,28/06/2016,66.1,64,1017.2,7.5,8.1,11.1,999.9,71.1,60.1,0,999.9,1,675,18,15.6
3,2016,6,29,29/06/2016,67.2,64.8,1012.9,7.2,7.5,12,999.9,72,64,0,999.9,1,687,25,21.7
4,2016,6,30,30/06/2016,68.9,63.6,1014.4,5.9,6.4,9.9,999.9,77,63,0,999.9,1,761,,0
5,2016,7,1,01/07/2016,66.9,63.6,1017.1,7.8,8.7,17.1,999.9,77,61,0,999.9,1,752,26,22.6
7,2016,7,3,03/07/2016,67.2,58,1017.1,10,9.6,14,999.9,75.9,55.9,0,999.9,0,448,20,17.4
1,2016,7,4,04/07/2016,68.4,62.6,1017.2,9.9,11.7,15,999.9,75.9,55.9,0,999.9,0,488,21,18.2
2,2016,7,5,05/07/2016,67.1,65.3,1009.7,6.2,9.2,15,999.9,75.9,64,0.62,999.9,1,663,,0
3,2016,7,6,06/07/2016,71.8,65.3,1009.9,8.6,6.5,13,999.9,81,64,1.5,999.9,1,680,21,18.2
4,2016,7,7,07/07/2016,68.7,66.7,1010.4,4.1,5.9,8.9,999.9,81,64,0,999.9,1,603,21,18.2
6,2016,7,9,09/07/2016,61.7,58.6,1011.6,6.5,10.8,13,999.9,70,59,0.62,999.9,0,498,,0
7,2016,7,10,10/07/2016,63,60.1,1010.6,6.8,7.7,11.1,999.9,70,59,0.1,999.9,1,508,26,22.6
1,2016,7,11,11/07/2016,63.1,58.4,1016.8,9.9,4.9,7,999.9,70,55,0.01,999.9,0,618,,0
2,2016,7,12,12/07/2016,66.7,61.2,1019.1,10,7.3,13,999.9,78.1,55,0,999.9,0,662,25,21.7
3,2016,7,13,13/07/2016,67.2,63.3,1019.3,10,9.2,14,999.9,78.1,57.9,0,999.9,0,607,23,20
6,2016,7,16,16/07/2016,73.5,67.3,1015.4,7,6.4,9.9,999.9,84.9,66.9,0,999.9,0,623,25,21.7
7,2016,7,17,17/07/2016,70.6,68.7,1019.1,4.1,6.6,11.1,999.9,84.9,66.9,0,999.9,1,574,23,20
3,2016,7,20,20/07/2016,68.3,55.6,1020.9,10,6.9,13,999.9,81,60.1,0,999.9,0,698,17,14.8
4,2016,7,21,21/07/2016,70.4,63.4,1020.2,10,7.4,12,999.9,80.1,60.1,0,999.9,0,731,26,22.6
1,2016,7,25,25/07/2016,71.5,68.8,1014,9.9,8.7,14,999.9,80.1,64.9,0,999.9,0,698,30,26.1
3,2016,7,27,27/07/2016,75.4,66.3,1012.4,10,7,9.9,999.9,82,70,0,999.9,0,690,,0
4,2016,7,28,28/07/2016,72.2,69,1013.1,9.7,7.2,11.1,999.9,81,68,0,999.9,0,709,25,21.7
5,2016,7,29,29/07/2016,70.8,68.3,1011.1,6,5.8,14,999.9,78.1,66.9,0,999.9,1,774,,0
6,2016,7,30,30/07/2016,70.8,66.9,1015,9,5.3,9.9,999.9,78.1,64.9,0.81,999.9,0,599,17,14.8
7,2016,7,31,31/07/2016,67.5,64.8,1018.4,6.7,6.8,11.1,999.9,72,64.4,0,999.9,1,529,17,14.8
1,2016,8,1,01/08/2016,68.2,62.4,1018.3,9.3,9.2,14,999.9,75,64,0.55,999.9,0,569,23,20
2,2016,8,2,02/08/2016,66.9,61.9,1018.6,9.7,8.4,14,999.9,75,61,0.11,999.9,0,602,28,24.3
3,2016,8,3,03/08/2016,67.4,60,1020.7,10,7.7,14,999.9,73.9,61,0,999.9,0,687,20,17.4
4,2016,8,4,04/08/2016,64.2,57.8,1021.4,10,4.6,9.9,999.9,73.9,55.9,0,999.9,0,715,21,18.2
5,2016,8,5,05/08/2016,65.3,60.4,1017.2,9.3,5,9.9,999.9,73.9,55,0,999.9,1,700,24,20.9
6,2016,8,6,06/08/2016,71.3,67.5,1009.4,9.8,10.7,15,999.9,75.9,55,0,999.9,0,578,22,19.1
7,2016,8,7,07/08/2016,74.2,65,1009,8.1,9.9,13,999.9,82,66.9,0,999.9,1,540,22,19.1
1,2016,8,8,08/08/2016,71.3,61.3,1015.4,10,6.3,9.9,999.9,82,62.1,0,999.9,0,632,,0
3,2016,8,10,10/08/2016,70.6,67.2,1023.2,9.9,8.6,14,999.9,80.1,64,0,999.9,0,618,21,18.2
4,2016,8,11,11/08/2016,73.6,71.8,1018.5,4.7,11.1,15.9,999.9,79,66.9,0.05,999.9,1,672,29,25.2
6,2016,8,13,13/08/2016,75.9,73.3,1012.7,5.4,9.2,14,999.9,82.9,71.1,0,999.9,1,614,23,20
2,2016,8,16,16/08/2016,73.1,69,1022.3,10,7.9,12,999.9,84,66.9,0,999.9,0,644,29,25.2
4,2016,8,18,18/08/2016,71.5,65.7,1015.5,9.9,6.1,12,999.9,82,64.9,0,999.9,0,635,,0
5,2016,8,19,19/08/2016,74.4,65.7,1013.3,10,8.2,14,999.9,81,64.9,0,999.9,0,707,,0
6,2016,8,20,20/08/2016,69.1,62.1,1015.2,10,8.5,13,999.9,81,63,0,999.9,0,579,,0
7,2016,8,21,21/08/2016,68.3,63.6,1014.5,9.6,9,13,999.9,75.9,63,0,999.9,0,512,24,20.9
3,2016,8,24,24/08/2016,70.1,63.3,1024.3,10,8.5,12,999.9,77,63,0,999.9,0,635,0,0
4,2016,8,25,25/08/2016,71.7,66.5,1020.5,10,10.4,14,999.9,77,63,0,999.9,0,659,26,22.6
5,2016,8,26,26/08/2016,73.4,70,1016.1,9.7,10.1,12,999.9,79,68,0,999.9,0,756,22,19.1
6,2016,8,27,27/08/2016,74.4,64.2,1020.3,7.7,8.3,14,999.9,81,66.9,0,999.9,1,624,,0
7,2016,8,28,28/08/2016,67.7,61.7,1024.1,8.7,5.8,12,999.9,81,57.9,0,999.9,1,559,,0
2,2016,8,30,30/08/2016,67.7,59.2,1020,10,6.1,8.9,999.9,82.9,59,0,999.9,0,622,20,17.4
3,2016,8,31,31/08/2016,70.4,65.7,1016,10,9.1,12,999.9,75.9,59,0,999.9,0,661,,0
4,2016,9,1,01/09/2016,71.5,67,1011.2,9.7,6.8,8.9,999.9,77,66.9,0,999.9,0,675,21,18.2
6,2016,9,3,03/09/2016,63.2,57.5,1022,10,5.7,9.9,999.9,75,55.9,0,999.9,0,498,,0
4,2016,9,8,08/09/2016,68.5,66.8,1012,6.3,9,13,999.9,77,66,0.01,999.9,1,717,17,14.8
5,2016,9,9,09/09/2016,71.4,68.3,1011.2,5.9,10.3,13,999.9,79,66,0.16,999.9,1,715,20,17.4
6,2016,9,10,10/09/2016,71.9,67,1016.5,6.7,7,14,999.9,79,68,0,999.9,1,598,16,13.9
1,2016,9,12,12/09/2016,65.1,52.1,1021.9,10,7.9,15.9,999.9,78.1,55.9,0,999.9,0,648,20,17.4
2,2016,9,13,13/09/2016,64.1,55.9,1023,10,8.9,13,999.9,71.1,55.9,0,999.9,0,779,21,18.2
6,2016,9,17,17/09/2016,62.6,57.6,1024.5,9.7,6,12,999.9,73,48,0,999.9,0,646,,0
7,2016,9,18,18/09/2016,70.6,67.3,1019.6,9.3,11.1,14,999.9,75,66.9,0,999.9,0,535,21,18.2
2,2016,9,20,20/09/2016,71.1,69.3,1019.3,8.7,5.6,11.1,999.9,75,66,0.22,999.9,0,619,,0
3,2016,9,21,21/09/2016,70,64.4,1020.2,5.3,6.4,12,999.9,77,62.1,0.07,999.9,1,621,24,20.9
4,2016,9,22,22/09/2016,67.2,57.8,1020.9,10,3.7,7,999.9,79,57.9,0,999.9,0,660,,0
5,2016,9,23,23/09/2016,66.3,62.1,1016.5,9.5,5.8,12,999.9,79,55.9,0,999.9,1,812,,0
1,2016,9,26,26/09/2016,55.2,41.1,1021.6,10,5.3,8.9,999.9,64.9,44.1,0,999.9,0,623,26,22.6
7,2016,10,2,02/10/2016,61.3,59.2,1017.8,4.4,9,12,999.9,64.9,59,1.22,999.9,1,486,,0
1,2016,10,3,03/10/2016,60.5,56.1,1016.2,9.9,4.4,9.9,999.9,66,57,0,999.9,0,490,,0
4,2016,10,6,06/10/2016,57.3,50.9,1025.6,10,5.8,8.9,999.9,66,48.9,0,999.9,0,764,,0
5,2016,10,7,07/10/2016,55.6,49.7,1025.3,6.9,2.7,8,999.9,70,44.1,0,999.9,1,754,,0
6,2016,10,8,08/10/2016,58.7,55.5,1020.5,8.5,7.7,14,999.9,70,44.1,0,999.9,1,633,,0
3,2016,10,12,12/10/2016,52.8,46.7,1028.3,10,5.2,8.9,999.9,63,42.1,0,999.9,0,498,,0
4,2016,10,13,13/10/2016,59.6,56.6,1020.1,9.9,7.3,11.1,999.9,66.9,42.1,0,999.9,0,757,17,14.8
6,2016,10,15,15/10/2016,50.5,38.8,1029.1,10,6.2,9.9,999.9,60.1,41,0,999.9,0,641,,0
7,2016,10,16,16/10/2016,55.2,47.6,1023.1,10,9.3,19,999.9,66,39.9,0,999.9,0,503,,0
1,2016,10,17,17/10/2016,64.5,59,1013.4,8.4,10,17.1,999.9,72,60.1,0,999.9,0,585,18,15.6
2,2016,10,18,18/10/2016,63.8,61.6,1014.1,4.6,6.8,14,999.9,73.9,59,0,999.9,1,590,,0
3,2016,10,19,19/10/2016,65.6,62.5,1013.9,6.4,11.2,15,999.9,71.1,59,0,999.9,0,676,,0
2,2016,11,1,01/11/2016,46.2,37.1,1027.3,10,4.4,8,999.9,53.1,34,0.01,999.9,0,732,,0
3,2016,11,2,02/11/2016,55.9,49.9,1024.1,10,9.9,15.9,999.9,63,34,0,999.9,0,665,,0
6,2016,11,5,05/11/2016,47.8,33.6,1020.6,10,7.9,13,999.9,55.9,36,0,999.9,0,626,29,25.2
2,2016,11,8,08/11/2016,47.2,38.2,1020.5,10,7.1,11.1,999.9,57,39,0,999.9,0,620,,0
3,2016,11,9,09/11/2016,51.6,46.1,1009.9,8.8,4.6,8.9,999.9,61,39,0,999.9,1,541,24,20.9
1,2016,11,14,14/11/2016,54.4,44.6,1015.9,9.6,10.8,15,999.9,62.1,46.9,0,999.9,0,668,,0
5,2016,11,25,25/11/2016,48.6,43.1,1023.9,10,6.9,12,999.9,51.1,34,0,999.9,0,455,,0
6,2016,11,26,26/11/2016,47,45,1018.2,6.8,6.3,14,999.9,48.9,41,0,999.9,1,463,24,20.9
2,2016,12,20,20/12/2016,34.8,25.3,1033.2,10,7,13,999.9,41,30,0,999.9,0,719,23,20
4,2016,12,22,22/12/2016,38.9,32.3,1017.7,10,6.5,15,999.9,46,27,0,999.9,0,700,37,32.1
1,2016,12,26,26/12/2016,36.4,25.6,1038.3,10,10.2,15,999.9,46,28.9,0,999.9,0,394,21,18.2
1,2017,1,2,02/01/2017,37.4,28.7,1032,10,7.1,12,999.9,50,26.1,0.03,999.9,0,449,,0
5,2017,1,6,06/01/2017,31.7,25.8,1015.2,6.1,8.9,13,999.9,41,28.9,0.03,999.9,1,600,17,14.8
2,2017,1,10,10/01/2017,35.6,26.3,1037.4,10,13.6,20,999.9,42.1,15.1,0,999.9,0,597,25,21.7
5,2017,1,20,20/01/2017,39.9,32.5,1015.5,10,4.3,9.9,999.9,45,37,0,999.9,0,605,,0
6,2017,2,18,18/02/2017,37,26.6,1008.7,9.8,10.4,17.1,999.9,46.9,24.1,0,999.9,0,570,,0
2,2017,2,21,21/02/2017,37.1,26.6,1026.3,10,6.9,12,999.9,46,30,0,999.9,0,483,18,15.6
3,2017,2,22,22/02/2017,40.6,35.2,1018,9.7,7.8,12,999.9,46.9,32,0,999.9,0,477,,0
4,2017,2,23,23/02/2017,44,41.7,1012.7,5.2,8.2,14,999.9,48.9,37,0,999.9,1,581,17,14.8
5,2017,2,24,24/02/2017,47.5,44.3,1015,6.9,10,15.9,999.9,54,39.9,0,999.9,1,657,26,22.6
6,2017,2,25,25/02/2017,49.8,46.6,1010.5,6.5,10.1,15.9,999.9,57.9,44.1,0,999.9,1,573,40,34.8
2,2017,2,28,28/02/2017,44.2,39.9,1029.7,9,7.9,13,999.9,48.9,30,0,999.9,0,591,,0
2,2017,3,21,21/03/2017,39.9,26.4,1011.2,10,7.9,11.1,999.9,50,34,0,999.9,0,636,21,18.2
1,2017,4,3,03/04/2017,43,31.7,1018,10,6.9,13,999.9,54,32,0,999.9,0,646,20,17.4
1,2017,4,10,10/04/2017,46.9,39.6,1023.2,10,10.2,15.9,999.9,55,39.9,0,999.9,0,634,,0
2,2017,4,11,11/04/2017,49.8,44,1021.8,8.8,12.1,15.9,999.9,55,41,0,999.9,0,519,,0
3,2017,4,12,12/04/2017,49.1,45.1,1020.6,8.3,9.9,13,999.9,55,46,0,999.9,0,540,,0
5,2017,4,14,14/04/2017,47.5,34.1,1027.8,10,5,8.9,999.9,57.9,37.9,0,999.9,0,515,,0
6,2017,4,15,15/04/2017,46.8,38,1028.2,9.7,9.2,15,999.9,57.9,35.1,0,999.9,0,495,24,20.9
1,2017,4,24,24/04/2017,46.6,42.4,1021.9,10,7.6,9.9,999.9,55.9,42.1,0,999.9,0,541,,0
4,2017,4,27,27/04/2017,52.9,50.7,1011.6,3,5.3,12,999.9,63,48,0.06,999.9,1,688,20,17.4
1,2017,5,1,01/05/2017,49.3,45.3,1019.8,5,10.6,15.9,999.9,57.9,44.6,0,999.9,1,639,25,21.7
7,2017,5,7,07/05/2017,52.5,48.9,1004.6,7.1,10.6,15,999.9,57.9,50,0.37,999.9,1,514,30,26.1
2,2017,5,9,09/05/2017,48.3,34.9,1014.8,10,6.2,8.9,999.9,55,39.9,0,999.9,0,651,20,17.4
4,2017,5,18,18/05/2017,60.1,54.1,1012.7,7,13.2,15.9,999.9,71.1,53.1,0,999.9,0,911,28,24.3
7,2017,5,21,21/05/2017,52.7,37.3,1027.6,10,6.8,14,999.9,63,41,0,999.9,0,618,22,19.1
1,2017,5,22,22/05/2017,51.4,40.5,1023.3,9.5,8.2,13,999.9,63,41,0,999.9,0,719,,0
6,2017,5,27,27/05/2017,57.5,48.6,1011.4,10,7.2,9.9,999.9,63,51.1,0.03,999.9,0,475,,0
7,2017,5,28,28/05/2017,51.8,46.1,1015.5,9.4,6.1,12,999.9,63,45,0,999.9,0,474,21,18.2
2,2017,5,30,30/05/2017,53.5,49.6,1021,8.1,7.9,11.1,999.9,61,50,0.01,999.9,0,647,,0
3,2017,5,31,31/05/2017,55.4,53.1,1017.8,3.6,7.8,11.1,999.9,62.1,50,0.01,999.9,1,669,23,20
4,2017,6,1,01/06/2017,55.7,53.8,1013.3,3,7.7,13,999.9,61,51.8,0.01,999.9,1,654,23,20
5,2017,6,2,02/06/2017,58.2,48.2,1013.4,8.3,8.2,12,999.9,66,52,0,999.9,1,737,32,27.8
6,2017,6,3,03/06/2017,56.9,47.9,1012.4,10,8.2,14,999.9,66,43,0,999.9,0,637,32,27.8
7,2017,6,4,04/06/2017,58,49.8,1014.6,10,7.3,14,999.9,66,43,0,999.9,0,468,,0
4,2017,6,8,08/06/2017,52.7,45.2,1016.5,9.2,5.5,12,999.9,63,39.9,0.01,999.9,0,660,25,21.7
6,2017,6,10,10/06/2017,60.4,54.5,1013.9,9.3,9.1,14,999.9,70,54,0,999.9,0,665,26,22.6
7,2017,6,11,11/06/2017,61.5,55.8,1017.4,9.3,11.3,15,999.9,70,55.9,0,999.9,0,702,26,22.6
4,2017,6,15,15/06/2017,57.2,45.8,1019.1,10,7.5,14,999.9,66,46.9,0,999.9,0,771,24,20.9
7,2017,6,25,25/06/2017,68.8,60.1,1013,9.4,7.6,11.1,999.9,79,59,0,999.9,0,590,28,24.3
1,2017,6,26,26/06/2017,66.7,59.2,1015,9.8,7.8,13,999.9,79,59,0,999.9,0,669,26,22.6
2,2017,6,27,27/06/2017,64.3,61.6,1016.3,9.9,7.8,11.1,999.9,75,57.9,0,999.9,0,757,25,21.7
3,2017,6,28,28/06/2017,65.4,58,1016.7,9.9,9.9,18.1,999.9,71.1,57.9,0,999.9,0,730,25,21.7
4,2017,6,29,29/06/2017,65.6,62.6,1020.7,9.9,11.5,15,999.9,71.1,59,0,999.9,0,767,28,24.3
1,2017,7,3,03/07/2017,70.9,66.1,1013.9,8.2,9.5,14,999.9,82,64.9,0,999.9,1,617,33,28.7
2,2017,7,4,04/07/2017,72,61.5,1016.5,9.8,5.8,9.9,999.9,82,61,0,999.9,0,424,,0
3,2017,7,5,05/07/2017,67.9,58.5,1021.9,9.9,6.5,11.1,999.9,81,57.9,0,999.9,0,706,24,20.9
4,2017,7,6,06/07/2017,61.7,59.9,1021.8,9.9,5.9,8,999.9,78.1,53.1,0,999.9,0,611,17,14.8
1,2017,7,10,10/07/2017,68.3,66.1,1018.2,9.6,9,13,999.9,77,62.1,0,999.9,0,667,26,22.6
2,2017,7,11,11/07/2017,68.8,68.4,1016.1,2.7,8.6,13,999.9,75,62.1,0,999.9,1,638,,0
3,2017,7,12,12/07/2017,70.8,70.2,1015.2,1.8,7.3,11.1,999.9,77,64.9,0,999.9,1,677,28,24.3
4,2017,7,13,13/07/2017,70.8,69.6,1015.5,4.4,8.2,19,999.9,80.1,64,0,999.9,1,759,23,20
6,2017,7,15,15/07/2017,64.3,62.7,1013.9,8.4,5.6,11.1,999.9,72,60.1,0.11,999.9,0,649,,0
7,2017,7,16,16/07/2017,69.3,67.7,1013.7,5.8,7.1,12,999.9,78.1,60.1,0,999.9,1,515,20,17.4
1,2017,7,17,17/07/2017,67.3,66.8,1018.5,3.9,5.7,11.1,999.9,78.1,62.1,0,999.9,1,639,23,20
2,2017,7,18,18/07/2017,69.4,67.9,1019.6,4,5.5,8.9,999.9,78.1,62.1,0,999.9,1,706,23,20
3,2017,7,19,19/07/2017,71.6,70.3,1016.5,4.2,7.6,12,999.9,79,66,0,999.9,1,747,21,18.2
4,2017,7,20,20/07/2017,74.7,70.6,1013.9,5.3,7.7,12,999.9,84.9,66.9,0,999.9,1,774,18,15.6
5,2017,7,21,21/07/2017,75.6,69.6,1010.4,5.7,7.8,13,999.9,84.9,69.1,0,999.9,1,733,,0
6,2017,7,22,22/07/2017,74,67.2,1010.5,8.8,7.1,12,999.9,84.9,68,0,999.9,0,648,,0
7,2017,7,23,23/07/2017,68.4,63.5,1009.3,8.7,6,15.9,999.9,82,64,0,999.9,0,554,,0
3,2017,7,26,26/07/2017,63.6,58,1022.4,10,7.4,13,999.9,72,55,0,999.9,0,635,,0
4,2017,7,27,27/07/2017,61.8,59.2,1017.7,10,7.3,12,999.9,72,55,0,999.9,0,610,20,17.4
5,2017,7,28,28/07/2017,69.2,66.9,1011.3,10,8.5,11.1,999.9,77,55.9,0.02,999.9,0,685,,0
1,2017,7,31,31/07/2017,63.9,57.3,1017.8,10,4.2,8.9,999.9,73.9,50,0,999.9,0,656,,0
2,2017,8,1,01/08/2017,68.2,64.8,1017.1,10,8.6,12,999.9,75.9,50,0,999.9,0,705,,0
3,2017,8,2,02/08/2017,68.6,66.6,1018.9,9.9,6.5,11.1,999.9,75.9,63,0,999.9,0,618,33,28.7
4,2017,8,3,03/08/2017,67.5,66,1020.6,9.1,5.8,8.9,999.9,75,61,0,999.9,1,713,22,19.1
5,2017,8,4,04/08/2017,67.7,66.7,1019.7,2.9,6.3,11.1,999.9,75.9,61,0,999.9,1,758,29,25.2
6,2017,8,5,05/08/2017,67.7,67.2,1014.1,2.5,7.9,11.1,999.9,75.9,64,0,999.9,1,573,31,26.9
3,2017,8,9,09/08/2017,67.1,63.5,1021.1,8.2,6.5,11.1,999.9,75,59,0.81,999.9,1,655,,0
4,2017,8,10,10/08/2017,67.8,66,1024.2,8.8,6,8.9,999.9,75,59,0,999.9,1,650,18,15.6
5,2017,8,11,11/08/2017,67.6,65.8,1021.4,9.3,5.8,8,999.9,77,60.1,0,999.9,1,655,23,20
6,2017,8,12,12/08/2017,65.9,65.8,1016.4,4.2,5.8,12,999.9,77,60.1,0.07,999.9,1,526,23,20
7,2017,8,13,13/08/2017,71,69.3,1012.4,6.1,8.3,14,999.9,80.1,62.1,1.24,999.9,1,563,18,15.6
1,2017,8,14,14/08/2017,67.7,65.2,1016.4,6.1,4.3,8,999.9,80.1,61,0,999.9,1,602,,0
2,2017,8,15,15/08/2017,67.8,66.8,1014.6,4.3,4,8.9,999.9,79,61,0,999.9,1,577,,0
3,2017,8,16,16/08/2017,71.1,65.9,1013,6.8,6.5,15.9,999.9,79,64.9,0.23,999.9,1,600,,0
4,2017,8,17,17/08/2017,68,60.8,1016.6,9.1,5.2,8.9,999.9,79,62.1,0,999.9,0,639,21,18.2
5,2017,8,18,18/08/2017,66.6,65.6,1015.2,8,8.8,13,999.9,73.9,57.9,0,999.9,0,612,20,17.4
7,2017,8,20,20/08/2017,72.8,68.1,1014.2,6.3,9.7,14,999.9,80.1,66.9,1.01,999.9,1,538,23,20
1,2017,8,21,21/08/2017,69.9,65.6,1020.4,9.8,5.9,9.9,999.9,81,61,0,999.9,0,627,20,17.4
2,2017,8,22,22/08/2017,70.5,69.8,1017.4,6.4,10.6,15,999.9,81,61,0,999.9,0,684,22,19.1
4,2017,8,24,24/08/2017,70,60.2,1011.9,10,5.6,11.1,999.9,79,63,0,999.9,0,631,21,18.2
5,2017,8,25,25/08/2017,66.4,60,1016.2,10,5.5,13,999.9,79,57.9,0,999.9,0,633,,0
6,2017,8,26,26/08/2017,64.1,56.8,1023,9.9,3.7,8.9,999.9,73.9,54,0,999.9,0,570,,0
7,2017,8,27,27/08/2017,62.3,53.6,1024.6,10,5,9.9,999.9,73,50,0,999.9,0,498,22,19.1
6,2017,9,2,02/09/2017,58.7,45.2,1022.4,10,5.3,8.9,999.9,66.9,50,0,999.9,0,562,,0
6,2017,9,9,09/09/2017,63.1,57,1021.1,10,7.5,12,999.9,70,54,0,999.9,0,608,21,18.2
1,2017,9,11,11/09/2017,63.6,53.9,1023.1,10,7.9,14,999.9,72,52,0,999.9,0,735,,0
2,2017,9,12,12/09/2017,65.3,59.7,1015.6,10,8.3,15,999.9,73.9,57,0,999.9,0,680,,0
3,2017,9,13,13/09/2017,67.5,63.4,1011.8,9.5,8,13,999.9,75,60.1,0,999.9,0,738,,0
4,2017,9,14,14/09/2017,67.4,67.2,1012.6,5.1,9,14,999.9,75,63,0,999.9,1,728,16,13.9
5,2017,9,15,15/09/2017,67.9,67.7,1016.3,6.7,6.3,11.1,999.9,73.9,64,0.02,999.9,1,827,,0
6,2017,9,16,16/09/2017,66.8,65.5,1020.8,4.6,2.8,8,999.9,75.9,61,0,999.9,1,623,,0
7,2017,9,17,17/09/2017,64.7,64.2,1021.4,4.8,3.4,8.9,999.9,75.9,60.1,0,999.9,1,586,,0
1,2017,9,18,18/09/2017,65.7,65.5,1020.5,3.4,7.6,13,999.9,73,60.1,0,999.9,1,672,,0
7,2017,9,24,24/09/2017,65.3,64.3,1016.6,3.7,9.6,13,999.9,73,60.1,0.05,999.9,1,587,,0
1,2017,9,25,25/09/2017,64.2,63.7,1017.8,2.8,4.2,8,999.9,73,59,0,999.9,1,726,,0
2,2017,9,26,26/09/2017,65.9,65.3,1016.8,2.6,3.4,7,999.9,77,59,0.12,999.9,1,656,,0
3,2017,9,27,27/09/2017,68.7,68.6,1014,1.5,4.7,9.9,999.9,77,62.1,0,999.9,1,696,,0
6,2017,9,30,30/09/2017,56.3,50.9,1020,9.8,8.3,13,999.9,64,48,0,999.9,0,550,26,22.6
7,2017,10,1,01/10/2017,55.5,46.8,1025.7,10,7.9,11.1,999.9,63,48,0.08,999.9,0,571,,0
1,2017,10,2,02/10/2017,58,51.4,1026.8,10,9.3,15,999.9,66,48,0,999.9,0,739,20,17.4
2,2017,10,3,03/10/2017,54.1,47.5,1035.7,10,6,11.1,999.9,62.1,46,0,999.9,0,687,18,15.6
3,2017,10,4,04/10/2017,59.3,56.1,1029.6,10,12.4,19,999.9,66,46,0,999.9,0,711,22,19.1
5,2017,10,6,06/10/2017,64.9,64.2,1018.2,7.4,7.6,15,999.9,70,61,0.18,999.9,1,649,,0
6,2017,10,7,07/10/2017,63.8,63.5,1021.1,3.9,5.7,9.9,999.9,71.1,61,0,999.9,1,570,24,20.9
7,2017,10,8,08/10/2017,65.8,65.6,1017.4,9.2,12.8,15.9,999.9,71.1,61,0,999.9,0,521,20,17.4
3,2017,10,11,11/10/2017,62.1,58.7,1019.7,10,6.9,13,999.9,77,55.9,0,999.9,0,628,,0
6,2017,10,14,14/10/2017,62.4,62,1026.6,6.7,5.5,8.9,999.9,66.9,52,0,999.9,0,567,,0
4,2017,10,19,19/10/2017,59.7,58.3,1023.8,10,9.3,14,999.9,66.9,48.9,0,999.9,0,766,22,19.1
6,2017,10,21,21/10/2017,58.8,50.3,1024.1,10,7,12,999.9,68,46.9,0,999.9,0,583,,0
7,2017,10,22,22/10/2017,60.6,59.2,1028.8,10,6.9,8.9,999.9,66.9,46.9,0,999.9,0,528,,0
1,2017,10,23,23/10/2017,59.5,58.7,1026.8,6.5,7.2,12,999.9,68,52,0,999.9,1,669,32,27.8
2,2017,10,24,24/10/2017,64.3,63.4,1018.6,8.7,14.7,18.1,999.9,69.1,53.1,0,999.9,0,685,41,35.6
6,2017,10,28,28/10/2017,55.1,51.2,1019,10,6.7,13,999.9,63,42.1,0,999.9,0,615,26,22.6
3,2017,11,1,01/11/2017,50.6,39.9,1026.5,10,6.7,14,999.9,61,37.9,0,999.9,0,607,0,0
4,2017,11,2,02/11/2017,58.9,56.1,1026.9,10,10.4,15.9,999.9,64,55,0,999.9,0,746,22,19.1
5,2017,11,3,03/11/2017,58.7,58.5,1019.3,3.4,7.7,13,999.9,66,52,0,999.9,1,776,25,21.7
7,2017,11,12,12/11/2017,35.8,29.8,1032.6,10,5,12,999.9,46.9,24.1,0,999.9,0,539,,0
1,2017,11,13,13/11/2017,48.8,44.3,1026.7,10,9.2,15,999.9,52,46,0,999.9,0,699,,0
3,2017,11,15,15/11/2017,43.9,37.1,1024.1,10,11.3,17.1,999.9,48.9,39,0,999.9,0,713,,0
5,2017,11,24,24/11/2017,40.8,30.7,1016.1,10,6.9,9.9,999.9,50,33.1,0,999.9,0,502,,0
6,2017,11,25,25/11/2017,50.1,47.2,1010.6,10,7.8,9.9,999.9,55.9,34,0,999.9,0,456,20,17.4
7,2017,12,3,03/12/2017,42.6,36.3,1023.2,10,6.1,9.9,999.9,48.9,35.1,0,999.9,0,448,,0
1,2017,12,4,04/12/2017,40.9,35.1,1028.5,10,7.7,13,999.9,48.9,33.1,0,999.9,0,684,17,14.8
1,2017,12,18,18/12/2017,32.7,23.9,1021.3,9.7,4.6,11.1,999.9,43,24.1,0,999.9,0,706,,0
5,2017,12,22,22/12/2017,32.7,24.3,1026.3,9.7,6.7,15,999.9,41,24.1,0,999.9,0,720,18,15.6
3,2018,1,3,03/01/2018,25.6,18.3,1025.1,10,6.7,12,999.9,35.1,10.9,0,999.9,0,645,23,20
3,2018,1,10,10/01/2018,31.4,24.2,1029.7,10,6.6,14,999.9,42.1,21.9,0,999.9,0,687,,0
4,2018,1,11,11/01/2018,38.5,38,1030.1,10,8.6,12,999.9,45,21.9,0,999.9,0,696,,0
3,2018,1,17,17/01/2018,36,35.2,1024.3,5.5,7.7,14,999.9,41,28,0.17,999.9,1,611,,0
7,2018,1,21,21/01/2018,39.7,31.7,1018.2,10,7.2,12,999.9,48.9,28,0,999.9,0,418,,0
1,2018,1,22,22/01/2018,36.4,35.9,1023.6,7.6,4,11.1,999.9,48.9,27,0,999.9,0,559,,0
7,2018,1,28,28/01/2018,43.4,43.2,1025.3,4.4,9.5,18.1,999.9,46,28.9,0.01,999.9,1,412,23,20
2,2018,2,6,06/02/2018,30,20.2,1026.9,10,4.8,11.1,999.9,46.9,19.9,0.12,999.9,0,545,,0
6,2018,2,10,10/02/2018,41.6,39,1028.8,9,11.3,15,999.9,48,21.9,0,999.9,0,549,,0
3,2018,2,14,14/02/2018,36.9,34,1030.5,8.5,8.7,14,999.9,44.1,28,0,999.9,0,671,,0
4,2018,2,15,15/02/2018,40.8,40.8,1013.7,2.2,9.7,15,999.9,44.1,30.9,0.35,999.9,1,645,,0
1,2018,2,19,19/02/2018,38.1,35.4,1033.5,9.6,8.3,14,999.9,46.9,26.1,0.01,999.9,0,435,22,19.1
3,2018,2,21,21/02/2018,45.9,45.9,1026.2,0.2,13.3,18.1,999.9,48.9,44.1,0.02,999.9,1,601,23,20
5,2018,2,23,23/02/2018,37.5,32.5,1036.3,9.7,10.6,15,999.9,48.9,34,0.03,999.9,0,548,,0
1,2018,2,26,26/02/2018,42.1,40.1,1016.7,6.5,10.7,15,999.9,46.9,39,0.72,999.9,1,557,,0
2,2018,2,27,27/02/2018,40.3,29.3,1024.2,10,8.9,15.9,999.9,46.9,28,0,999.9,0,631,,0
4,2018,3,1,01/03/2018,46.7,41,1011.2,10,8.5,14,999.9,60.1,39,0,999.9,0,619,22,19.1
2,2018,3,20,20/03/2018,32.5,17.5,1013.5,10,9.1,12,999.9,37,26.1,0,999.9,0,597,24,20.9
5,2018,3,23,23/03/2018,37.5,31.9,1012.6,10,7,9.9,999.9,45,30,0.07,999.9,0,732,23,20
6,2018,3,24,24/03/2018,36.3,30.8,1015.4,10,6.8,15,999.9,46,26.1,0,999.9,0,550,26,22.6
3,2018,3,28,28/03/2018,40.4,32.9,1018.5,10,10.1,14,999.9,48,30.9,0,999.9,0,629,,0
4,2018,3,29,29/03/2018,41.6,40.3,1017.6,8.1,6.5,9.9,999.9,48.9,35.1,0,999.9,0,613,,0
5,2018,3,30,30/03/2018,46.8,46.8,1008.8,2.1,11.5,17.1,999.9,48.9,35.1,0,999.9,1,580,30,26.1
1,2018,4,2,02/04/2018,37.7,31.2,1018.7,8.1,8.4,14,999.9,50,33.1,0.01,999.9,1,562,,0
2,2018,4,10,10/04/2018,37.7,31.7,1021.9,9.1,6.5,11.1,999.9,42.1,30.9,0,999.9,0,668,,0
3,2018,4,11,11/04/2018,37.9,33,1021,10,6.5,9.9,999.9,44.1,30,0,999.9,0,612,,0
4,2018,4,12,12/04/2018,42.8,38.5,1019.4,10,9.8,14,999.9,50,28.9,0,999.9,0,610,23,20
4,2018,4,19,19/04/2018,41.8,40.6,1007,9.6,8.6,14,999.9,46.9,37,0.02,999.9,0,706,37,32.1
7,2018,4,22,22/04/2018,46.3,33.1,1026.8,10,7.2,14,999.9,55.9,37,0,999.9,0,568,21,18.2
2,2018,4,24,24/04/2018,44.7,41.7,1030.4,10,6.7,11.1,999.9,57.9,34,0,999.9,0,671,24,20.9
5,2018,4,27,27/04/2018,48.8,46.9,1011.9,7.8,9.2,22,999.9,55.9,39.9,0.03,999.9,1,690,20,17.4
6,2018,4,28,28/04/2018,49.5,48.3,1010.7,5.1,6.3,9.9,999.9,60.1,39.9,0.13,999.9,1,604,25,21.7
4,2018,5,3,03/05/2018,54,48.6,1015.3,9.5,13.2,15.9,999.9,66,48.9,0,999.9,0,790,40,34.8
7,2018,5,6,06/05/2018,52.5,49.7,1018.6,8.1,6.9,11.1,999.9,66,48.9,0,999.9,1,495,18,15.6
2,2018,5,8,08/05/2018,48.4,46.3,1024.3,4.9,6.9,11.1,999.9,60.1,39,0,999.9,1,736,,0
6,2018,5,12,12/05/2018,48.9,46.2,1021.1,9.5,7.3,13,999.9,52,45,0,999.9,0,602,,0
1,2018,5,14,14/05/2018,50.5,49.6,1016.9,6.4,5.5,9.9,999.9,57,48,0,999.9,1,689,20,17.4
4,2018,5,17,17/05/2018,54.1,54.1,1016.7,5.3,3.6,8,999.9,62.1,50,0.32,999.9,1,732,,0
1,2018,5,21,21/05/2018,60.9,51,1019,9.5,8.7,12,999.9,69.1,52,0.03,999.9,0,626,18,15.6
2,2018,5,22,22/05/2018,54.6,49.5,1021.1,10,7,8.9,999.9,69.1,48,0,999.9,0,689,,0
3,2018,5,23,23/05/2018,57.3,55.7,1012.9,6.9,7,15,999.9,68,50,0.24,999.9,1,729,,0
4,2018,5,24,24/05/2018,56.3,49.7,1017.5,9.6,9.6,15.9,999.9,68,50,0.11,999.9,0,770,23,20
3,2018,5,30,30/05/2018,59.2,54.2,1021.3,6.4,7.5,14,999.9,77,50,0,999.9,1,708,,0
4,2018,5,31,31/05/2018,55.1,54.6,1019.2,3.7,6.5,9.9,999.9,69.1,50,0,999.9,1,698,21,18.2
5,2018,6,1,01/06/2018,58.6,58.4,1012.6,4.8,6.2,8.9,999.9,64.9,51.1,0.13,999.9,1,751,,0
3,2018,6,6,06/06/2018,54.8,50.8,1008.9,9.7,9.6,15,999.9,61,50,0,999.9,0,651,,0
4,2018,6,7,07/06/2018,51.5,48,1020.1,10,6.5,11.1,999.9,57.9,43,0,999.9,0,693,23,20
5,2018,6,8,08/06/2018,54.8,51.9,1020.9,7.9,8,14,999.9,62.1,43,0,999.9,1,757,21,18.2
6,2018,6,9,09/06/2018,62.9,55.8,1018.7,9.8,5.7,11.1,999.9,77,45,0.06,999.9,0,706,,0
7,2018,6,10,10/06/2018,61.5,49.5,1017.3,9.4,6.8,11.1,999.9,77,54,0,999.9,1,533,,0
2,2018,6,12,12/06/2018,55.3,48.6,1022.7,10,9.6,15,999.9,64,46,0,999.9,0,720,28,24.3
5,2018,6,15,15/06/2018,59,54,1011.3,9.3,6.2,12,999.9,71.1,54,0,999.9,0,728,24,20.9
6,2018,6,16,16/06/2018,62.8,56,1014.9,9.3,8.2,12,999.9,75,51.1,0.01,999.9,0,677,,0
7,2018,6,17,17/06/2018,66.7,56.6,1017.7,10,6,8.9,999.9,82,54,0,999.9,0,627,22,19.1
3,2018,6,20,20/06/2018,62.8,58.8,1011.4,7.9,5.2,12,999.9,78.1,52,0,999.9,1,698,18,15.6
4,2018,6,21,21/06/2018,63.4,61.5,1008.8,8.1,6.4,12,999.9,72,52,0.09,999.9,1,815,,0
5,2018,6,22,22/06/2018,61.1,56.4,1016.4,5.5,7.2,13,999.9,69.1,55.9,0.11,999.9,1,728,21,18.2
7,2018,6,24,24/06/2018,62.7,61.5,1010.4,3.7,5.9,11.1,999.9,68,57,1.03,999.9,1,553,24,20.9
2,2018,6,26,26/06/2018,60.7,55.3,1023,10,7.7,14,999.9,71.1,50,0.02,999.9,0,762,23,20
3,2018,6,27,27/06/2018,62.7,59.1,1021,10,9.3,12,999.9,71.1,50,0,999.9,0,540,28,24.3
5,2018,6,29,29/06/2018,68,66,1012.2,4.4,7,14,999.9,75.9,62.1,0.96,999.9,1,845,20,17.4
6,2018,6,30,30/06/2018,71.1,65.4,1015.8,10,5.9,8.9,999.9,82,62.1,0,999.9,0,651,18,15.6
7,2018,7,1,01/07/2018,70.8,66.4,1016.2,8.8,5.9,12,999.9,86,62.1,0,999.9,0,563,,0
1,2018,7,2,02/07/2018,68.4,64.9,1018.9,8.7,4.7,9.9,999.9,86,63,0,999.9,0,719,24,20.9
2,2018,7,3,03/07/2018,66.9,66.2,1021.5,2.9,6.2,11.1,999.9,73.9,61,0,999.9,1,678,,0
3,2018,7,4,04/07/2018,71.7,70.5,1025.7,4.8,6.8,9.9,999.9,81,62.1,0,999.9,1,406,,0
4,2018,7,5,05/07/2018,71.7,71,1025.4,1.6,6.2,11.1,999.9,81,66.9,0,999.9,1,720,28,24.3
7,2018,7,8,08/07/2018,61.7,52.8,1027.4,10,3.8,9.9,999.9,73.9,51.1,0,999.9,0,545,18,15.6
1,2018,7,9,09/07/2018,60.9,53.6,1023.2,10,6.7,12,999.9,73.9,50,0,999.9,0,672,28,24.3
2,2018,7,10,10/07/2018,67.2,64.7,1014.8,9.9,10.4,14,999.9,73,50,0,999.9,0,727,18,15.6
3,2018,7,11,11/07/2018,68.3,65.1,1012.8,9.3,8.9,17.1,999.9,73.9,63,0,999.9,0,627,17,14.8
4,2018,7,12,12/07/2018,68.2,59.5,1019.9,10,6.8,11.1,999.9,77,60.1,0,999.9,0,642,,0
5,2018,7,13,13/07/2018,64.8,55.1,1024.2,10,5,9.9,999.9,77,54,0,999.9,0,726,23,20
6,2018,7,14,14/07/2018,64.9,59.5,1021.4,10,4.7,9.9,999.9,73.9,54,0,999.9,0,577,24,20.9
7,2018,7,15,15/07/2018,65.5,61.6,1016.5,8.6,5.3,8,999.9,72,55.9,0,999.9,1,564,32,27.8
1,2018,7,16,16/07/2018,68.7,67.9,1015.6,2.6,4.7,8.9,999.9,75,61,0,999.9,1,719,24,20.9
4,2018,7,19,19/07/2018,67.9,57.5,1016.8,10,6.3,9.9,999.9,77,59,0,999.9,0,739,,0
5,2018,7,20,20/07/2018,64.3,56.7,1021.6,10,3.3,8.9,999.9,77,54,0,999.9,0,700,22,19.1
2,2018,7,24,24/07/2018,69.2,68.1,1025.8,5.7,9.8,12,999.9,75,66,0,999.9,1,654,35,30.4
3,2018,7,25,25/07/2018,69.8,68.7,1020,5,11,15,999.9,75.9,66,0,999.9,1,657,28,24.3
5,2018,7,27,27/07/2018,70.6,70.1,1015.8,2.1,7.8,13,999.9,75.9,68,0,999.9,1,753,22,19.1
6,2018,7,28,28/07/2018,69.7,69.7,1016.5,1.4,6.7,15.9,999.9,75.9,66.9,0.41,999.9,1,637,,0
7,2018,7,29,29/07/2018,72.9,69.1,1016.8,6.5,6.3,14,999.9,80.1,66.9,0.06,999.9,1,463,,0
1,2018,7,30,30/07/2018,71.3,66.7,1020.4,9.9,5.8,8,999.9,80.1,64.9,0,999.9,0,580,,0
2,2018,7,31,31/07/2018,68.9,65.8,1020.4,8.4,4.9,8,999.9,80.1,64,0,999.9,1,709,,0
3,2018,8,1,01/08/2018,69.2,67.6,1020.7,7.5,8.6,14,999.9,73.9,64,0,999.9,1,660,26,22.6
5,2018,8,3,03/08/2018,73.7,72.6,1022.1,4.6,9.2,13,999.9,79,71.1,0,999.9,1,749,33,28.7
6,2018,8,4,04/08/2018,71.8,71.2,1020.6,4.4,9.4,15.9,999.9,79,69.1,0.01,999.9,1,605,22,19.1
7,2018,8,5,05/08/2018,74.3,70.4,1019.6,8.8,7.1,12,999.9,81,69.1,0.05,999.9,0,573,,0
1,2018,8,6,06/08/2018,74.8,73.4,1018.6,6.3,7.2,9.9,999.9,81,70,0,999.9,0,632,16,13.9
2,2018,8,7,07/08/2018,75.8,74.1,1015.6,6.7,9.7,15,999.9,82,71.1,0,999.9,0,658,28,24.3
3,2018,8,8,08/08/2018,74.6,73.6,1013.9,5.9,8.1,12,999.9,82,70,0,999.9,1,656,22,19.1
4,2018,8,9,09/08/2018,74.9,73.5,1008,3.6,9.2,14,999.9,82.9,70,0,999.9,1,709,21,18.2
5,2018,8,10,10/08/2018,76.9,68.4,1010.2,9.6,6.4,9.9,999.9,86,68,0.04,999.9,0,707,20,17.4
6,2018,8,11,11/08/2018,68.8,66.2,1015.2,9,5.8,11.1,999.9,86,64,0,999.9,0,568,23,20
7,2018,8,12,12/08/2018,70.9,69.7,1017.6,7.8,7.3,11.1,999.9,75.9,64,0.01,999.9,0,499,,0
1,2018,8,13,13/08/2018,69.1,68.1,1016.9,7.7,6.2,9.9,999.9,75.9,64.9,0.05,999.9,1,617,23,20
2,2018,8,14,14/08/2018,72.8,71.4,1013,4.5,6.9,11.1,999.9,80.1,64.9,0,999.9,1,701,23,20
5,2018,8,17,17/08/2018,74.9,72.1,1018,6.3,5.1,8.9,999.9,87.1,66,0,999.9,1,703,39,33.9
2,2018,8,21,21/08/2018,66.7,65.5,1019.1,7.1,9.5,13,999.9,70,64.4,0.07,999.9,0,580,,0
3,2018,8,22,22/08/2018,68.1,67.4,1008,4.8,8.1,14,999.9,75.9,62.1,0.05,999.9,1,599,28,24.3
5,2018,8,24,24/08/2018,67.1,61.5,1021.1,10,4.7,8.9,999.9,75.9,55,0,999.9,0,681,,0
6,2018,8,25,25/08/2018,66.5,60.3,1025.9,9,5.8,9.9,999.9,75.9,55,0,999.9,1,552,17,14.8
7,2018,8,26,26/08/2018,68.2,60.3,1021.4,10,5.4,11.1,999.9,77,57,0,999.9,0,528,22,19.1
1,2018,8,27,27/08/2018,73.1,69.6,1017.3,9.1,8.7,12,999.9,84,62.1,0,999.9,0,651,17,14.8
3,2018,8,29,29/08/2018,75.3,72.7,1015.2,5.5,9.8,15,999.9,84.9,69.1,0,999.9,0,685,23,20
4,2018,8,30,30/08/2018,76.2,72.4,1015.2,7,10.2,15,999.9,90,71.1,0,999.9,0,736,,0
7,2018,9,2,02/09/2018,67,64,1024.9,10,5,8.9,999.9,79,55.9,0,999.9,0,528,16,13.9
1,2018,9,3,03/09/2018,69.9,69.1,1024.3,9.2,8.4,14,999.9,79,59,0,999.9,0,533,,0
3,2018,9,5,05/09/2018,69.2,64.7,1024.1,9.3,4.8,9.9,999.9,86,61,0,999.9,1,768,17,14.8
6,2018,9,8,08/09/2018,66.6,60.3,1019,10,6.9,14,999.9,75,61,0.01,999.9,0,568,,0
3,2018,9,12,12/09/2018,71,69.6,1023,3.1,4,9.9,999.9,79,66,0,999.9,1,783,,0
4,2018,9,13,13/09/2018,66.1,63.8,1024.7,6.3,8.4,13,999.9,79,63,0,999.9,1,718,,0
5,2018,9,14,14/09/2018,64.9,60.7,1024.2,9.2,7.1,12,999.9,73.9,59,0.01,999.9,1,684,,0
6,2018,9,15,15/09/2018,65.9,61,1022.9,9.3,5.8,9.9,999.9,75.9,57,0,999.9,1,596,,0
7,2018,9,16,16/09/2018,63.9,59.5,1023.1,6.8,3.7,8,999.9,75.9,54,0,999.9,1,597,16,13.9
1,2018,9,17,17/09/2018,65.6,62.6,1020.6,7.9,5,8,999.9,75,55.9,0,999.9,1,673,,0
5,2018,9,21,21/09/2018,60.6,54.6,1024.2,10,6.9,12,999.9,69.1,53.1,0,999.9,0,715,29,25.2
7,2018,9,23,23/09/2018,59.8,50.2,1023.4,10,3,5.1,999.9,78.1,53.1,0,999.9,0,475,,0
6,2018,9,29,29/09/2018,62.3,56.3,1020,9.8,6.6,13,999.9,72,53.1,0.23,999.9,0,604,,0
7,2018,9,30,30/09/2018,61,53.5,1025.6,9.7,4.7,8.9,999.9,72,51.1,0,999.9,1,510,20,17.4
1,2018,10,1,01/10/2018,62,56.1,1026.4,10,5.4,12,999.9,70,51.1,0,999.9,0,583,20,17.4
2,2018,10,2,02/10/2018,64.7,62.1,1022.8,9.5,6.6,11.1,999.9,71.1,52,0,999.9,0,613,26,22.6
3,2018,10,3,03/10/2018,64.4,62.3,1017,7.7,9.4,19,999.9,71.1,59,0.71,999.9,0,778,,0
4,2018,10,4,04/10/2018,60,57.1,1017.6,9.6,5.7,13,999.9,69.1,55.9,0.04,999.9,0,717,,0
6,2018,10,6,06/10/2018,55.5,46.3,1023,10,6,9.9,999.9,66.9,46,0,999.9,0,544,,0
7,2018,10,7,07/10/2018,64.4,59.6,1022.3,8,8.6,13,999.9,69.1,46,0,999.9,0,529,,0
2,2018,10,9,09/10/2018,63.1,59,1027.5,10,8.6,11.1,999.9,70,57,0,999.9,0,628,,0
3,2018,10,10,10/10/2018,66.2,64.9,1021.4,3.9,9.1,13,999.9,72,57.9,0,999.9,1,708,,0
2,2018,10,23,23/10/2018,51.5,43.7,1019.6,9.9,8,15,999.9,59,36,0.01,999.9,0,681,25,21.7
4,2018,11,1,01/11/2018,58,54.7,1013.2,7.6,11.1,15,999.9,62.1,54,0,999.9,0,696,,0
7,2018,11,18,18/11/2018,41.7,29.3,1025.8,10,6.7,11.1,999.9,44.1,35.1,0,999.9,0,470,,0
1,2018,11,19,19/11/2018,46.7,41,1021,10,5,8.9,999.9,54,37.9,0,999.9,0,697,,0
6,2018,12,1,01/12/2018,38.3,31.9,1020.3,9.9,5.7,8.9,999.9,44.1,33.1,0,999.9,0,601,,0
3,2018,12,5,05/12/2018,31.6,20.6,1017.3,10,7,15,999.9,46.9,24.1,0,999.9,0,652,28,24.3
1,2018,12,10,10/12/2018,35.5,23.8,1018.4,10,10.1,18.1,999.9,43,25,0,999.9,0,651,16,13.9
2,2018,12,11,11/12/2018,32,22.9,1019.5,10,4.5,8.9,999.9,43,25,0,999.9,0,707,23,20
5,2018,12,14,14/12/2018,37.9,32.3,1033,10,6.2,11.1,999.9,46,23,0,999.9,0,841,,0
4,2018,12,20,20/12/2018,38.6,34.4,1020.2,9.6,5,7,999.9,48,21,0,999.9,0,806,,0
1,2018,12,24,24/12/2018,35.2,29.1,1017.2,9.5,4.9,12,999.9,39.9,28.9,0,999.9,0,580,26,22.6
1,2018,12,31,31/12/2018,32,23.7,1027.4,10,5.2,14,999.9,43,21,0,999.9,0,622,24,20.9
2,2019,1,8,08/01/2019,36.3,30.8,1025.7,6.7,9.3,19,999.9,46.9,21.9,0,999.9,1,571,,0
2,2019,1,15,15/01/2019,29.4,18.7,1017.5,10,7.4,13,999.9,35.1,21.9,0,999.9,0,618,,0
5,2019,1,18,18/01/2019,33.2,28.1,1023,8.3,6.8,13,999.9,39.9,23,0,999.9,0,596,,0
3,2019,1,23,23/01/2019,31.6,23.8,1029.6,9.4,8.3,13,999.9,42.1,8.1,0,999.9,0,553,,0
7,2019,1,27,27/01/2019,35.1,28.2,1021.8,9.9,7.8,17.1,999.9,44.1,21,0,999.9,0,445,30,26.1
2,2019,1,29,29/01/2019,33.8,23.7,1016.7,10,9.6,14,999.9,42.1,30,0,999.9,0,681,24,20.9
1,2019,2,4,04/02/2019,39.7,36.7,1019.4,7.5,7.3,9.9,999.9,48.9,28,0,999.9,0,651,0,0
2,2019,2,5,05/02/2019,43,42.1,1014.2,3,4.8,9.9,999.9,50,34,0,999.9,1,570,,0
5,2019,2,22,22/02/2019,38.3,26.1,1022.3,10,8.7,14,999.9,46,30.9,0.2,999.9,0,546,22,19.1
6,2019,2,23,23/02/2019,34.8,27.7,1030.2,10,4.9,8.9,999.9,43,30,0,999.9,0,439,,0
5,2019,3,1,01/03/2019,26.7,18.2,1026.9,10,4,7,999.9,35.1,16,0,999.9,0,711,,0
7,2019,3,3,03/03/2019,34.5,29.2,1018.5,10,5.7,15.9,999.9,42.1,26.1,0.73,999.9,0,503,,0
6,2019,3,9,09/03/2019,35.1,22.7,1025.1,10,7.4,12,999.9,44.1,19.9,0,999.9,0,523,,0
3,2019,3,13,13/03/2019,34.5,22.8,1026,10,6.7,11.1,999.9,44.1,26.1,0,999.9,0,562,,0
4,2019,3,14,14/03/2019,39,33.6,1026.2,10,7.2,11.1,999.9,46,28,0,999.9,0,611,26,22.6
3,2019,3,20,20/03/2019,36.9,27.1,1029.5,10,6.7,8.9,999.9,44.1,24.1,0,999.9,0,584,,0
1,2019,3,25,25/03/2019,42.5,32.5,1016.8,9.8,11,17.1,999.9,48,32,0,999.9,0,526,30,26.1
4,2019,3,28,28/03/2019,36.3,27.9,1031.6,10,9.1,14,999.9,45,26.1,0,999.9,0,644,16,13.9
5,2019,3,29,29/03/2019,44.4,40.2,1022.1,10,11.7,15.9,999.9,51.1,28,0,999.9,0,563,,0
6,2019,3,30,30/03/2019,46.1,42.4,1020.5,9.4,7.7,15.9,999.9,54,36,0,999.9,0,516,33,28.7
6,2019,4,6,06/04/2019,46.3,41.2,1022.7,9.2,10.3,17.1,999.9,60.1,36,0.07,999.9,0,587,,0
7,2019,4,7,07/04/2019,45.3,39.4,1023.5,10,7.4,11.1,999.9,60.1,37.9,0.01,999.9,0,487,,0
1,2019,4,8,08/04/2019,46.2,45.3,1016.8,5.9,8.4,18.1,999.9,50,37.9,0,999.9,1,594,26,22.6
5,2019,4,12,12/04/2019,43.8,35.3,1027,10,8.4,13,999.9,48,35.1,0,999.9,0,688,31,26.9
7,2019,4,14,14/04/2019,50.8,48.7,1014.4,2.7,7.7,13,999.9,68,45,0.04,999.9,1,457,24,20.9
1,2019,4,22,22/04/2019,52.1,51.5,1017.3,2.3,7.3,14,999.9,57.9,48,0.03,999.9,1,522,,0
3,2019,4,24,24/04/2019,51.5,47.2,1007.2,8,9.8,15,999.9,66,44.1,0.03,999.9,0,515,26,22.6
4,2019,4,25,25/04/2019,47.7,40.9,1013.3,9.9,5.6,8.9,999.9,66,39.9,0.02,999.9,0,518,18,15.6
2,2019,4,30,30/04/2019,45.6,40.5,1024.6,8.3,7.6,13,999.9,54,42.1,0.31,999.9,0,587,,0
3,2019,5,1,01/05/2019,46.9,39.2,1030,10,4.7,8.9,999.9,55,39.9,0,999.9,0,599,,0
4,2019,5,2,02/05/2019,49.4,46.5,1022.4,8.2,10.6,14,999.9,55.9,39.9,0.01,999.9,1,668,22,19.1
5,2019,5,3,03/05/2019,47.3,44.1,1022.8,7.8,9.2,15.9,999.9,55.9,44.1,0,999.9,1,651,,0
6,2019,5,4,04/05/2019,51.3,50.5,1012.8,4.3,6.4,13,999.9,60.1,44.1,0.08,999.9,1,553,22,19.1
2,2019,5,7,07/05/2019,48.3,42.8,1021.2,10,7.8,13,999.9,55.9,37,0.25,999.9,0,647,22,19.1
4,2019,5,16,16/05/2019,53.3,47.6,1010.2,10,8.2,13,999.9,64,43,0,999.9,0,642,20,17.4
5,2019,5,17,17/05/2019,52.3,49.6,1010.8,8.4,8.4,15,999.9,64,46,0,999.9,0,726,22,19.1
6,2019,5,18,18/05/2019,56.7,46.7,1011.9,8.9,9.2,17.1,999.9,64.9,48,0.08,999.9,0,649,,0
7,2019,5,19,19/05/2019,52,47.3,1020.1,10,9.7,15.9,999.9,64.9,45,0,999.9,0,547,30,26.1
4,2019,5,23,23/05/2019,52.5,45.6,1022.9,10,10.5,17.1,999.9,61,46,0,999.9,0,722,23,20
4,2019,5,30,30/05/2019,51.3,48.8,1009.2,8.5,6.4,13,999.9,57.2,48.2,0.42,999.9,1,625,,0
6,2019,6,1,01/06/2019,55.3,53.2,1010.9,6.2,6,13,999.9,72,48.9,0.15,999.9,1,557,,0
7,2019,6,2,02/06/2019,56.9,54.7,1008,5.1,6.9,11.1,999.9,64.9,52,0,999.9,1,515,33,28.7
5,2019,6,7,07/06/2019,59.8,55.3,1012.6,9.8,4.8,8.9,999.9,72,51.1,0.22,999.9,0,734,,0
7,2019,6,9,09/06/2019,57.7,43.7,1026.7,10,5.3,8.9,999.9,69.1,45,0,999.9,0,526,,0
1,2019,6,10,10/06/2019,59.4,53.6,1022.9,10,10.5,14,999.9,66.9,45,0,999.9,0,613,25,21.7
3,2019,6,12,12/06/2019,62.9,51.9,1019.8,10,8.2,15,999.9,73.9,57,0.57,999.9,0,686,23,20
6,2019,6,15,15/06/2019,62.7,55.1,1018,10,11.3,17.1,999.9,70,57,0,999.9,0,620,29,25.2
1,2019,6,17,17/06/2019,66,60.9,1014.3,8.1,6.3,12,999.9,72,59,0,999.9,1,552,,0
2,2019,6,18,18/06/2019,60.4,58.8,1015.1,5.7,5.2,8.9,999.9,64,55.9,0.02,999.9,1,721,,0
3,2019,6,19,19/06/2019,62.3,59.6,1011.6,6.7,6.8,9.9,999.9,69.1,57.9,0.32,999.9,1,591,,0
4,2019,6,20,20/06/2019,61,59.3,1003.1,3,8.1,12,999.9,64,57,0.12,999.9,1,697,25,21.7
2,2019,6,25,25/06/2019,61.5,59.5,1013.4,6,8.5,12,999.9,79,57.9,0,999.9,1,662,,0
3,2019,6,26,26/06/2019,67.3,64,1014.7,8.1,7.9,13,999.9,73.9,57.9,0.6,999.9,0,803,20,17.4
4,2019,6,27,27/06/2019,61.4,60.1,1019.2,5.6,4.2,8.9,999.9,73.9,57,0.13,999.9,1,734,,0
5,2019,6,28,28/06/2019,66.8,62.9,1020.2,6.3,4.4,8,999.9,80.1,57,0,999.9,1,753,,0
6,2019,6,29,29/06/2019,65.8,63.5,1017.4,7.9,7.6,14,999.9,80.1,57.9,0,999.9,1,660,22,19.1
7,2019,6,30,30/06/2019,69.3,63.3,1006,8.3,9.4,15,999.9,77,61,0,999.9,0,569,32,27.8
2,2019,7,2,02/07/2019,67.9,63.1,1009,10,9.1,14,999.9,75,62.1,0,999.9,0,591,,0
3,2019,7,3,03/07/2019,70.2,65.1,1009.9,9.2,5,8.9,999.9,80.1,59,0,999.9,0,654,,0
4,2019,7,4,04/07/2019,66.6,63.7,1017.9,6.3,3.7,8.9,999.9,80.1,59,0,999.9,1,394,20,17.4
5,2019,7,5,05/07/2019,66.1,64.7,1021.4,4.7,3.9,8,999.9,75.9,59,0,999.9,1,542,21,18.2
6,2019,7,6,06/07/2019,68.9,67.6,1013.9,1.5,7.5,12,999.9,73.9,59,0,999.9,1,471,25,21.7
1,2019,7,8,08/07/2019,64.9,56.7,1014.7,10,4.2,7,999.9,75,54,0,999.9,0,592,,0
2,2019,7,9,09/07/2019,69,61.7,1015.8,9.7,6.5,11.1,999.9,80.1,54,0,999.9,0,661,17,14.8
3,2019,7,10,10/07/2019,71.5,65.8,1016.8,7.3,6.4,9.9,999.9,84.9,60.1,0,999.9,1,553,22,19.1
4,2019,7,11,11/07/2019,66.8,65.7,1015.9,2.2,5.8,11.1,999.9,84.9,64,0,999.9,1,658,25,21.7
6,2019,7,13,13/07/2019,71.9,67.1,1010.7,8.1,7.5,14,999.9,80.1,66,0.28,999.9,1,558,,0
7,2019,7,14,14/07/2019,71.8,68.1,1011.9,7.9,9.6,14,999.9,79,66,0,999.9,1,497,24,20.9
1,2019,7,15,15/07/2019,73.1,63,1015,10,9.1,14,999.9,79,66.9,0,999.9,0,637,18,15.6
2,2019,7,16,16/07/2019,70.3,65.9,1017.6,8.7,5.3,8.9,999.9,79,60.1,0,999.9,1,658,22,19.1
4,2019,7,18,18/07/2019,71.4,71,1013.2,2,4.9,9.9,999.9,73.9,69.1,0,999.9,1,620,26,22.6
5,2019,7,19,19/07/2019,69.2,67.7,1011.4,4.7,8.1,15,999.9,77,64.9,99.99,999.9,1,666,23,20
6,2019,7,20,20/07/2019,76.2,72.3,1009.2,6.1,9.1,12,999.9,87.1,64.9,0,999.9,1,586,26,22.6
7,2019,7,21,21/07/2019,76.7,72.4,1007.5,6.7,10.7,13,999.9,87.1,70,0,999.9,0,477,,0
1,2019,7,22,22/07/2019,76.5,70.8,1009.8,9.5,7,12,999.9,87.1,69.1,0,999.9,0,641,17,14.8
4,2019,7,25,25/07/2019,69.5,61.4,1017.7,10,5.8,12,999.9,78.1,61,0,999.9,0,605,,0
5,2019,7,26,26/07/2019,67.1,58.9,1024,9.4,3.4,8.9,999.9,78.1,59,0,999.9,1,650,,0
6,2019,7,27,27/07/2019,67.1,58.1,1025.2,10,4.9,8.9,999.9,75.9,55.9,0,999.9,0,602,23,20
7,2019,7,28,28/07/2019,66.9,62.9,1020.3,9.6,7.3,15,999.9,75.9,55.9,0,999.9,0,527,20,17.4
1,2019,7,29,29/07/2019,72.8,69.7,1015.9,8.9,9.3,13,999.9,80.1,59,0,999.9,0,649,24,20.9
2,2019,7,30,30/07/2019,73,71.1,1016.3,6.6,7.8,12,999.9,80.1,69.1,0,999.9,1,638,24,20.9
3,2019,7,31,31/07/2019,72.9,70.9,1017.2,5.6,7,12,999.9,79,68,0,999.9,1,604,,0
4,2019,8,1,01/08/2019,74.3,70.3,1017.3,5.9,6,9.9,999.9,82.9,68,0,999.9,1,618,,0
5,2019,8,2,02/08/2019,71.6,64.1,1019.8,7.4,4.7,8.9,999.9,82.9,60.1,0,999.9,1,610,17,14.8
6,2019,8,3,03/08/2019,70.3,66.6,1018,10,6.3,9.9,999.9,80.1,60.1,0,999.9,0,566,20,17.4
7,2019,8,4,04/08/2019,73.3,70.4,1012.6,9.9,7.9,11.1,999.9,78.1,60.1,0,999.9,0,499,,0
1,2019,8,5,05/08/2019,70.2,62.3,1014.4,9.9,6.9,14,999.9,78.1,64,0,999.9,0,616,21,18.2
2,2019,8,6,06/08/2019,68.9,65.5,1013.4,9.8,7.2,9.9,999.9,77,63,0,999.9,0,551,16,13.9
3,2019,8,7,07/08/2019,70.2,66.6,1012,10,7.2,13,999.9,78.1,61,0,999.9,0,608,30,26.1
5,2019,8,9,09/08/2019,73.7,67.3,1006.1,8.9,10.4,15.9,999.9,78.1,69.1,0,999.9,0,645,20,17.4
1,2019,8,12,12/08/2019,71.2,63.9,1014.3,10,9.3,14,999.9,78.1,63,0,999.9,0,586,18,15.6
2,2019,8,13,13/08/2019,71.2,68.7,1011.2,7.9,8.4,12,999.9,78.1,66,99.99,999.9,0,469,17,14.8
3,2019,8,14,14/08/2019,71.1,68.7,1009.9,8.6,6.8,12,999.9,75.9,66,99.99,999.9,0,537,,0
5,2019,8,16,16/08/2019,66.6,64.4,1017.6,7.8,7,11.1,999.9,73.9,62.1,0,999.9,1,523,21,18.2
6,2019,8,17,17/08/2019,67.5,65.3,1017.6,3.8,7.1,11.1,999.9,77,62.1,0,999.9,1,533,,0
7,2019,8,18,18/08/2019,71.2,69.7,1016.4,4.2,4,9.9,999.9,79,62.1,0,999.9,1,481,25,21.7
1,2019,8,19,19/08/2019,73.3,72.1,1015.6,3.5,6.3,9.9,999.9,80.1,68,0,999.9,1,563,25,21.7
2,2019,8,20,20/08/2019,75.5,68.2,1017,10,6.8,9.9,999.9,82.9,66.9,0,999.9,0,574,20,17.4
4,2019,8,22,22/08/2019,74.6,72.8,1011.5,7.2,8.1,13,999.9,80.1,66,0,999.9,1,587,46,40
5,2019,8,23,23/08/2019,72,65.8,1013.2,9.4,7.2,13,999.9,80.1,66.9,0,999.9,0,569,,0
2,2019,8,27,27/08/2019,60.4,54.5,1019.4,10,4.7,8.9,999.9,70,50,0,999.9,0,529,17,14.8
5,2019,8,30,30/08/2019,68,63.3,1015.6,9.2,7.9,14,999.9,75,57.9,0,999.9,0,630,28,24.3
6,2019,8,31,31/08/2019,70.3,60.1,1020.7,9.1,5.3,8.9,999.9,79,57.9,0,999.9,1,502,,0
7,2019,9,1,01/09/2019,63.8,56.6,1026.5,10,6.9,9.9,999.9,79,55.9,0,999.9,0,473,22,19.1
1,2019,9,2,02/09/2019,64.9,60.9,1021.2,10,6.4,9.9,999.9,73,55.9,0,999.9,0,427,26,22.6
2,2019,9,3,03/09/2019,70,65.8,1016.3,8.9,6.8,13,999.9,75,57.9,99.99,999.9,1,652,20,17.4
3,2019,9,4,04/09/2019,66.6,64.8,1015.1,6.6,7.7,12,999.9,77,57.9,0,999.9,1,600,25,21.7
7,2019,9,8,08/09/2019,66,58,1014.1,10,10.5,14,999.9,71.1,59,0,999.9,0,462,,0
1,2019,9,9,09/09/2019,63.9,58.4,1023.2,9.8,4.5,8.9,999.9,72,57,0,999.9,0,603,,0
2,2019,9,10,10/09/2019,62.8,57.5,1027.3,10,6.2,8.9,999.9,72,57,0,999.9,0,605,20,17.4
3,2019,9,11,11/09/2019,68.3,64.1,1022.3,10,10.2,15,999.9,73.9,57.9,0,999.9,0,624,23,20
6,2019,9,14,14/09/2019,60.7,54.2,1028.6,10,10.4,15.9,999.9,69.1,52,0,999.9,0,488,26,22.6
7,2019,9,15,15/09/2019,68.2,65.3,1020.4,8.8,8.2,12,999.9,75,52,0.02,999.9,0,604,,0
1,2019,9,16,16/09/2019,65.4,58.5,1016.8,9.6,7.4,14,999.9,75,57,0,999.9,0,620,,0
5,2019,9,20,20/09/2019,58.8,50.6,1022.2,10,6.6,12,999.9,69.1,45,0,999.9,0,688,,0
6,2019,9,21,21/09/2019,67,59.2,1021.2,9.9,6.5,11.1,999.9,75.9,60.1,0,999.9,0,577,,0
7,2019,9,22,22/09/2019,64.6,62.1,1021,6.4,6.5,11.1,999.9,78.1,57,0,999.9,1,515,,0
4,2019,9,26,26/09/2019,64.7,61.4,1010.9,9.9,8,13,999.9,72,57,0,999.9,0,645,26,22.6
6,2019,9,28,28/09/2019,63.8,59.3,1020.9,10,8.2,12,999.9,70,54,0,999.9,0,532,,0
1,2019,9,30,30/09/2019,56.3,48.8,1026.3,10,7.8,13,999.9,72,48,0,999.9,0,435,,0
2,2019,10,1,01/10/2019,59.4,53.9,1020.6,10,8.4,14,999.9,66.9,48,0,999.9,0,454,22,19.1
7,2019,10,6,06/10/2019,52,46.1,1029.5,10,7.2,15.9,999.9,64.9,37,0,999.9,0,435,29,25.2
1,2019,10,7,07/10/2019,66.9,61.7,1023.9,10,12.9,15.9,999.9,71.1,64.9,0,999.9,0,575,25,21.7
7,2019,10,13,13/10/2019,57.6,53.3,1016.5,9.6,6,13,999.9,64.9,50,0.02,999.9,0,441,22,19.1
1,2019,10,14,14/10/2019,57.7,55.9,1015.7,7.1,6.5,12,999.9,66.9,48,0.25,999.9,1,400,25,21.7
7,2019,10,20,20/10/2019,49.3,44.1,1018.2,10,3.9,9.9,999.9,59,39,0,999.9,0,500,,0
4,2019,10,24,24/10/2019,55.5,45.3,1023.6,10,6.7,11.1,999.9,68,43,0.24,999.9,0,613,28,24.3
5,2019,10,25,25/10/2019,55.9,51.1,1025.2,9.6,6,9.9,999.9,64,43,0,999.9,1,647,,0
2,2019,10,29,29/10/2019,55.1,49.4,1026.8,9.9,7.7,9.9,999.9,60.1,52,0,999.9,0,639,21,18.2
3,2019,10,30,30/10/2019,57.8,54.9,1025.6,8.4,7.9,13,999.9,64,53.1,0,999.9,0,595,,0
7,2019,11,3,03/11/2019,51,36.8,1016.8,10,7.5,12,999.9,55.9,36,0,999.9,0,479,22,19.1
1,2019,11,4,04/11/2019,48.1,30,1026.3,10,7.5,12,999.9,55.9,42.1,0,999.9,0,623,22,19.1
2,2019,11,5,05/11/2019,56.6,50.5,1025.2,9.6,11.5,15,999.9,62.1,42.1,0.01,999.9,0,440,17,14.8
4,2019,11,7,07/11/2019,51.4,42.7,1023.4,9.8,7.8,17.1,999.9,60.1,35.1,0,999.9,0,669,24,20.9
7,2019,11,10,10/11/2019,48.3,37.2,1019.5,10,8.8,17.1,999.9,54,32,0,999.9,0,457,18,15.6
1,2019,11,11,11/11/2019,51.5,43.4,1019,10,7.7,14,999.9,59,37.9,0,999.9,0,481,,0
2,2019,11,26,26/11/2019,46.5,42.5,1015.7,10,5.4,9.9,999.9,55.9,35.1,0,999.9,1,702,,0
3,2019,11,27,27/11/2019,48.5,46,1016.5,6,6,17.1,999.9,55.9,35.1,0,999.9,1,561,39,33.9
6,2019,12,21,21/12/2019,33.3,25.6,1035.1,10,5.2,8.9,999.9,39.9,19.9,0,999.9,0,520,,0
7,2019,12,22,22/12/2019,41.3,34.9,1026.8,9.6,9.1,15,999.9,46.9,28.9,0,999.9,0,510,,0
1,2019,12,23,23/12/2019,44.3,38.3,1017.8,7.5,11.4,15.9,999.9,50,37.9,0,999.9,0,593,23,20
3,2019,12,25,25/12/2019,35.6,28.9,1022.2,10,4.7,8,999.9,46.9,28,0,999.9,0,264,,0
4,2019,12,26,26/12/2019,35.9,30.3,1025.7,10,5.9,14,999.9,46.4,28.9,0,999.9,0,414,,0
5,2019,12,27,27/12/2019,40.1,35,1026.1,10,7.6,12,999.9,48,28.9,0,999.9,0,448,18,15.6
6,2019,12,28,28/12/2019,44.5,39.1,1019.1,9,9.1,14,999.9,48.2,37,0,999.9,0,355,17,14.8
7,2019,12,29,29/12/2019,38.4,30.4,1021.7,10,6.8,11.1,999.9,48,30.9,0,999.9,0,384,,0
5,2020,1,3,03/01/2020,45.8,42.9,1010.3,7,10.3,15,999.9,46.9,33.1,0,999.9,0,456,,0
6,2020,1,4,04/01/2020,45.4,43.9,1005.6,3.6,5.7,9.9,999.9,48.9,44.1,0.08,999.9,1,353,29,25.2
1,2020,1,6,06/01/2020,33.5,24,1013.2,9.9,5.3,15,999.9,43,24.1,0.01,999.9,0,459,31,26.9
2,2020,1,7,07/01/2020,39,26.6,1016.6,10,8,13,999.9,43,24.1,0,999.9,0,408,,0
1,2020,1,13,13/01/2020,42.5,37,1029.6,9.5,9.2,13,999.9,57,39.9,0.01,999.9,0,476,,0
2,2020,1,14,14/01/2020,41.5,37.7,1026.2,8.8,5.3,8.9,999.9,44.1,37.9,0,999.9,0,497,,0
2,2020,1,21,21/01/2020,27.8,15.2,1026.8,10,11.5,15.9,999.9,34,21.9,0,999.9,0,556,,0
3,2020,1,22,22/01/2020,27.1,14.3,1029.8,10,4.2,8.9,999.9,34,17.1,0,999.9,0,489,,0
4,2020,1,23,23/01/2020,32.3,26.5,1029.2,9.7,4.7,11.1,999.9,45,17.1,0,999.9,0,451,,0
5,2020,1,24,24/01/2020,37.3,33.7,1028.5,6.5,3.3,8,999.9,46,19.9,0,999.9,1,524,,0
4,2020,1,30,30/01/2020,31.6,19.4,1023.4,10,9.4,15,999.9,37,21.9,0,999.9,0,525,,0
5,2020,1,31,31/01/2020,29.8,22.3,1027.4,10,3.3,8.9,999.9,39.9,19,0,999.9,0,518,,0
6,2020,2,1,01/02/2020,39.7,35.2,1015.9,9.9,7.2,12,999.9,44.1,37,0.04,999.9,0,409,,0
7,2020,2,2,02/02/2020,38.5,33,1000.4,9.3,7.9,12,999.9,42.1,35.6,0,999.9,0,391,21,18.2
2,2020,2,4,04/02/2020,42.2,39.4,1010.2,9.2,7.6,14,999.9,48,32,0,999.9,1,464,,0
7,2020,2,9,09/02/2020,33.1,21.6,1032.4,10,7.6,13,999.9,39.9,23,0,999.9,0,373,,0
2,2020,2,11,11/02/2020,44.1,42.8,1017.5,3.1,6,9.9,999.9,48.9,41,0.31,999.9,1,458,23,20
4,2020,2,13,13/02/2020,41.3,38,1010.6,7,7.9,17.1,999.9,45,37,0.45,999.9,0,504,32,27.8
1,2020,2,17,17/02/2020,38.5,29.4,1021.6,10,7.2,14,999.9,48,30.9,0,999.9,0,339,,0
7,2020,2,23,23/02/2020,39.9,33.7,1021.4,9.8,9.1,12,999.9,48,30,0,999.9,0,392,,0
1,2020,2,24,24/02/2020,41.1,36.7,1018.9,8.9,7.7,11.1,999.9,50,28.9,0,999.9,1,493,,0
2,2020,2,25,25/02/2020,44,41.8,1014.5,5.6,5.4,8.9,999.9,50,28.9,0.05,999.9,1,527,18,15.6
3,2020,2,26,26/02/2020,44.5,42.8,1013.9,4.7,7,12,999.9,48,42.1,0.08,999.9,1,449,20,17.4
1,2020,3,9,09/03/2020,44.7,38.2,1026.4,9.2,14.5,18.1,999.9,50,30,0,999.9,0,546,21,18.2
4,2020,3,12,12/03/2020,40.6,35.3,1022.1,9.1,7.5,13,999.9,51.1,30.9,0,999.9,0,456,,0
3,2020,3,18,18/03/2020,43.9,34.2,1028.4,10,8.3,11.1,999.9,52,36,0.49,999.9,0,298,24,20.9
5,2020,3,27,27/03/2020,47.6,36.5,1009,9.7,11.3,18.1,999.9,59,35.1,0.02,999.9,0,195,21,18.2
6,2020,3,28,28/03/2020,42.3,33,1020.4,9.9,5.8,9.9,999.9,59,30,0,999.9,0,183,,0
7,2020,4,5,05/04/2020,41.8,36.3,1017.5,10,6,8.9,999.9,50,35.1,0.01,999.9,0,94,,0
2,2020,4,7,07/04/2020,49,34.1,1011.6,10,10.1,15,999.9,57.9,41,0,999.9,0,130,26,22.6
3,2020,4,8,08/04/2020,46.5,43,1002.5,9.6,6.4,14,999.9,57.9,43,0.06,999.9,0,125,,0
7,2020,4,12,12/04/2020,45.9,31.8,1021.9,10,9,15,999.9,53.1,36,0,999.9,0,106,28,24.3
6,2020,4,25,25/04/2020,47.7,36.3,1015.2,10,7.8,15,999.9,59,39.9,0.48,999.9,0,152,21,18.2
3,2020,4,29,29/04/2020,46.9,35.8,1024.6,10,8.3,12,999.9,55,37,0.02,999.9,0,137,28,24.3
7,2020,5,3,03/05/2020,51.3,45.8,1009.7,9.3,10.3,15.9,999.9,61,46.9,0.04,999.9,0,167,20,17.4
5,2020,5,15,15/05/2020,54.1,50.2,1016.4,8.6,9.5,14,999.9,62.1,39.9,0.16,999.9,0,242,29,25.2
7,2020,5,17,17/05/2020,49.4,42.9,1025.8,10,7,11.1,999.9,54,41,0,999.9,0,171,21,18.2
1,2020,5,18,18/05/2020,52.5,45.9,1022.7,10,5.7,9.9,999.9,61,41,0,999.9,0,185,0,0
4,2020,5,21,21/05/2020,48.3,42.3,1029.6,9.6,6.3,13,999.9,57,36,0,999.9,0,212,16,13.9
5,2020,5,22,22/05/2020,57,52.1,1022,10,12,15.9,999.9,64,51.1,0,999.9,0,264,22,19.1
2,2020,5,26,26/05/2020,58.2,56,1022.9,5.8,4.6,8,999.9,69.1,50,0,999.9,1,224,,0
3,2020,5,27,27/05/2020,57.4,56.2,1024.4,2,5.6,8.9,999.9,69.1,53.1,0,999.9,1,239,,0
4,2020,5,28,28/05/2020,60.2,57.5,1024,6.6,8.4,13,999.9,66.9,53.1,0.01,999.9,1,209,31,26.9
2,2020,6,2,02/06/2020,57.1,46.6,1016,10,7.6,11.1,999.9,62.1,48.9,0,999.9,0,197,,0
3,2020,6,3,03/06/2020,59.2,56.3,1005.6,9.2,9.8,15,999.9,66.9,53.1,0.05,999.9,0,216,26,22.6
4,2020,6,4,04/06/2020,64.4,60.4,1009.3,9,8.9,13,999.9,73.9,55.9,0.03,999.9,0,245,23,20
5,2020,6,5,05/06/2020,60.4,58.9,1013.8,3.9,7.4,11.1,999.9,73.9,59,0,999.9,1,248,,0
6,2020,6,6,06/06/2020,61.2,59.5,1010.2,1.6,9.3,13,999.9,64.9,59,0.45,999.9,1,262,36,31.3
2,2020,6,9,09/06/2020,61.9,55.5,1013.6,10,6.5,8.9,999.9,73,55,0,999.9,0,251,22,19.1
3,2020,6,10,10/06/2020,60.3,56.9,1016.5,7,7.5,12,999.9,72,55.9,0,999.9,1,238,30,26.1
5,2020,6,12,12/06/2020,63.1,61.3,1018.6,3.2,7.9,13,999.9,70,59,0.04,999.9,1,277,,0
6,2020,6,13,13/06/2020,62.5,53.1,1019.9,7.3,8.5,14,999.9,70,53.1,0.04,999.9,1,282,,0
3,2020,6,17,17/06/2020,61.2,53.9,1025.2,10,8.3,12,999.9,71.1,52,0,999.9,0,244,17,14.8
4,2020,6,18,18/06/2020,59.8,59.4,1023.3,3.7,4.8,8.9,999.9,71.1,53.1,0,999.9,1,226,0,0
5,2020,6,19,19/06/2020,63.9,61.5,1020.5,3.5,7.7,12,999.9,73,54,0,999.9,1,306,24,20.9
6,2020,6,20,20/06/2020,64.8,61.5,1018.1,6.6,9.1,15,999.9,73.9,60.1,0,999.9,1,246,18,15.6
7,2020,6,21,21/06/2020,65.2,62.5,1016.7,5.8,6.3,8.9,999.9,75.9,60.1,0,999.9,1,245,18,15.6
1,2020,6,22,22/06/2020,68.6,63.4,1014.7,9.7,3.9,8,999.9,75.9,62.1,0,999.9,0,295,23,20
2,2020,6,23,23/06/2020,63.5,61.3,1011.9,2.3,5,11.1,999.9,75.9,59,0,999.9,1,291,28,24.3
3,2020,6,24,24/06/2020,66.4,64.3,1007.8,1.5,9.8,13,999.9,71.1,59,0,999.9,1,300,25,21.7
4,2020,6,25,25/06/2020,67.8,62.5,1013.3,9.1,7.5,13,999.9,77,61,0,999.9,0,250,24,20.9
5,2020,6,26,26/06/2020,66.7,61.7,1014.8,9.6,7.8,12,999.9,77,61,0,999.9,0,337,22,19.1
6,2020,6,27,27/06/2020,66.6,63.7,1011.2,6.8,7.2,13,999.9,73,62.1,0,999.9,0,273,25,21.7
1,2020,6,29,29/06/2020,67.1,64.7,1008,5.5,5.5,14,999.9,73.9,64.9,0.39,999.9,1,301,31,26.9
2,2020,6,30,30/06/2020,66.3,62.4,1011.4,7.9,5.6,11.1,999.9,73.9,62.1,0.13,999.9,0,278,,0
3,2020,7,1,01/07/2020,64.4,61.5,1011.7,6,4.7,9.9,999.9,73,60.1,0,999.9,1,259,,0
4,2020,7,2,02/07/2020,68.2,64.4,1009.2,7.8,7.7,13,999.9,75,60.1,0,999.9,1,340,,0
6,2020,7,4,04/07/2020,66.1,63.5,1012.1,5.1,8.9,13,999.9,77,60.1,0,999.9,1,278,,0
7,2020,7,5,05/07/2020,63.1,61,1015,4.4,5,11.1,999.9,73,60.1,0,999.9,1,290,,0
2,2020,7,7,07/07/2020,60.1,56.3,1021.9,8.9,7.9,12,999.9,75,55.9,0,999.9,0,243,,0
3,2020,7,8,08/07/2020,68.1,63.9,1018.2,9.9,9.8,13,999.9,73.9,55.9,0,999.9,0,267,18,15.6
4,2020,7,9,09/07/2020,70.9,67.4,1016.6,8.2,7.7,11.1,999.9,78.1,64.9,0,999.9,0,313,16,13.9
1,2020,7,13,13/07/2020,70.3,67.5,1008.7,4.9,8,11.1,999.9,77,68,0,999.9,1,290,18,15.6
2,2020,7,14,14/07/2020,72,68,1011.3,6.2,7.9,15,999.9,79,66.9,0,999.9,1,320,,0
5,2020,7,17,17/07/2020,62.6,59,1023,9.9,7.5,12,999.9,71.1,55,0,999.9,0,308,17,14.8
6,2020,7,18,18/07/2020,70.2,67.9,1017.6,3.2,6.2,9.9,999.9,75.9,55,0,999.9,1,316,,0
7,2020,7,19,19/07/2020,69.1,67.5,1015.1,0.8,8.4,12,999.9,72,66.2,0,999.9,1,313,25,21.7
1,2020,7,20,20/07/2020,71,69.4,1011.6,2.1,9.5,13,999.9,75.9,66.9,99.99,999.9,1,281,22,19.1
3,2020,7,22,22/07/2020,72.7,68.1,1017.6,7.8,4.6,11.1,999.9,88,64.9,0,999.9,1,290,,0
4,2020,7,23,23/07/2020,74.1,70.9,1016.5,5.7,9.4,14,999.9,82,64.9,0,999.9,1,332,20,17.4
6,2020,7,25,25/07/2020,69.6,66.7,1018,5.5,3.9,11.1,999.9,80.1,60.1,0,999.9,1,291,21,18.2
2,2020,7,28,28/07/2020,76.5,72.1,1008,6.6,10.9,14,999.9,84.9,72,0,999.9,0,298,22,19.1
3,2020,7,29,29/07/2020,75.3,67.6,1012.7,7.5,6.3,11.1,999.9,82.9,72,99.99,999.9,0,318,,0
4,2020,7,30,30/07/2020,74.4,72,1011.7,3.7,7.1,13,999.9,82.9,70,0,999.9,1,300,22,19.1
5,2020,7,31,31/07/2020,73.7,70.8,1009.8,6.3,5.1,12,999.9,80.1,71.1,99.99,999.9,1,343,36,31.3
6,2020,8,1,01/08/2020,72.6,66.2,1012.6,8.5,5.1,11.1,999.9,82.9,62.1,0,999.9,1,375,22,19.1
7,2020,8,2,02/08/2020,71.9,66.9,1016.4,8.9,8.4,15,999.9,82.9,62.1,0,999.9,1,286,32,27.8
4,2020,8,6,06/08/2020,74.1,61.4,1019.4,6.4,6.7,11.1,999.9,84.9,66,0,999.9,1,356,,0
6,2020,8,8,08/08/2020,69.7,66.4,1020.6,5.1,6.1,8.9,999.9,75.9,63,0,999.9,1,260,0,0
7,2020,8,9,09/08/2020,71.5,66.9,1019.9,9.3,7,12,999.9,78.1,64.9,0,999.9,0,283,22,19.1
1,2020,8,10,10/08/2020,74.3,70.7,1017.3,9.8,9.6,15,999.9,80.1,64.9,0,999.9,0,320,20,17.4
2,2020,8,11,11/08/2020,75.4,71.9,1016.1,7.8,9.1,12,999.9,81,70,0,999.9,0,317,25,21.7
3,2020,8,12,12/08/2020,75.3,72.7,1016.6,5.9,9.1,13,999.9,81,71.1,0,999.9,1,293,31,26.9
4,2020,8,13,13/08/2020,77,72,1018.3,4.1,6.8,13,999.9,86,71.1,0,999.9,1,275,,0
5,2020,8,14,14/08/2020,74.6,64.8,1016.8,9.7,6.1,15,999.9,86,69.1,0,999.9,0,344,,0
4,2020,8,20,20/08/2020,68.4,59.9,1016.1,10,6.2,9.9,999.9,81,61,0,999.9,0,306,,0
5,2020,8,21,21/08/2020,69.1,63.5,1015.1,10,8.7,15,999.9,77,61,0,999.9,0,348,21,18.2
6,2020,8,22,22/08/2020,72.3,67.6,1013.3,9.7,8.3,12,999.9,81,61,0,999.9,0,328,20,17.4
7,2020,8,23,23/08/2020,72.3,68.9,1017,8.1,7,11.1,999.9,81,66,0,999.9,1,316,,0
1,2020,8,24,24/08/2020,71.7,70,1016.1,2.3,5.9,8.9,999.9,80.1,66,0,999.9,1,320,20,17.4
4,2020,8,27,27/08/2020,66.9,53.6,1008.8,9.9,6.4,11.1,999.9,73,63,0,999.9,0,343,41,35.6
5,2020,8,28,28/08/2020,70.6,65.3,1008.2,9.9,6.9,12,999.9,78.1,63,0.05,999.9,0,306,22,19.1
4,2020,9,3,03/09/2020,70.5,69.3,1009.3,2.1,7.6,12,999.9,73,64.9,0.43,999.9,1,363,18,15.6
5,2020,9,4,04/09/2020,72.8,68.3,1009.8,8.3,7.4,12,999.9,81,66.9,0.31,999.9,1,383,23,20
6,2020,9,5,05/09/2020,70.7,53.2,1018.9,10,9.4,14,999.9,81,64,0.01,999.9,0,362,21,18.2
7,2020,9,6,06/09/2020,67.3,60.5,1022.3,10,6.9,12,999.9,75.9,59,0,999.9,0,293,20,17.4
1,2020,9,7,07/09/2020,67.1,58.6,1021.3,10,8.2,14,999.9,75,59,0,999.9,0,295,24,20.9
2,2020,9,8,08/09/2020,65.9,63.7,1020.7,5.2,4.2,8,999.9,77,57.2,0,999.9,1,337,,0
3,2020,9,9,09/09/2020,69.3,67.3,1025,4.3,4.2,8,999.9,77,57.9,0,999.9,1,292,,0
4,2020,9,10,10/09/2020,70.8,69.5,1025.1,0.8,4.4,7,999.9,77,66.9,0,999.9,1,347,,0
7,2020,9,13,13/09/2020,64.2,57.9,1022.2,10,8.6,15,999.9,72,59,0,999.9,0,245,23,20
3,2020,9,16,16/09/2020,58.8,51.3,1024.7,10,6.5,13,999.9,69.1,46,0,999.9,0,307,18,15.6
4,2020,9,17,17/09/2020,68.5,63.7,1018.3,10,7.5,9.9,999.9,73,64.9,0,999.9,0,322,,0
4,2020,9,24,24/09/2020,66.2,56.9,1013.2,10,8.2,12,999.9,75.9,55,0,999.9,0,297,,0
5,2020,9,25,25/09/2020,64.6,61,1018.5,7,7.2,9.9,999.9,75.9,55,0,999.9,1,348,,0
6,2020,9,26,26/09/2020,63.6,60.9,1020.5,4.5,4.9,8.9,999.9,73,59,0,999.9,1,330,,0
7,2020,9,27,27/09/2020,66.7,63,1017.6,9.2,7.2,11.1,999.9,73,61,0,999.9,1,315,,0
1,2020,9,28,28/09/2020,68.1,66.3,1016,6.3,9.5,13,999.9,73,62.1,0.18,999.9,0,300,,0
2,2020,9,29,29/09/2020,67.5,65.8,9999.9,6.1,5.5,8,999.9,68,66,0,999.9,1,317,22,19.1
4,2020,10,1,01/10/2020,66.4,62.2,1013.7,9.7,9.8,17.1,999.9,70,61,0.02,999.9,0,332,22,19.1
6,2020,10,3,03/10/2020,61.4,47.8,1021.2,10,4.9,8,999.9,68,50,0,999.9,0,323,,0
7,2020,10,4,04/10/2020,61,51.5,1024.2,10,7,11.1,999.9,66,52,0,999.9,0,269,,0
2,2020,10,6,06/10/2020,59.2,53.1,1020.5,9.9,6.8,12,999.9,64,48,0.05,999.9,0,325,20,17.4
4,2020,10,15,15/10/2020,63.5,58.3,1019,10,10.4,14,999.9,66,57,0,999.9,1,311,32,27.8
5,2020,10,16,16/10/2020,65.4,60.7,1018.5,10,12.6,14,999.9,70,59,0,999.9,0,304,,0
1,2020,10,19,19/10/2020,55.6,48.9,1028.1,10,5,8,999.9,63,48,0,999.9,0,276,,0
2,2020,10,20,20/10/2020,59.7,57.6,1025.5,8,7.2,9.9,999.9,64,54,0,999.9,1,336,,0
3,2020,10,21,21/10/2020,64.9,63.1,1025,4.7,5.2,8,999.9,68,63,0.03,999.9,1,338,,0
4,2020,10,22,22/10/2020,65,60.6,1024,5.3,5,11.1,999.9,72,57,0,999.9,1,264,,0
6,2020,10,24,24/10/2020,60.9,54.9,1012.7,10,6,12,999.9,64,57,0,999.9,0,301,24,20.9
3,2020,11,4,04/11/2020,46.4,32.9,1031.6,10,7.9,13,999.9,55,37,0,999.9,0,302,,0
4,2020,11,5,05/11/2020,59,54.7,1031.2,9.8,10.3,13,999.9,64.9,54,0,999.9,0,357,,0
5,2020,11,6,06/11/2020,59.5,57.3,1025.9,7.6,9.7,15,999.9,64.9,55.9,0.02,999.9,1,365,,0
7,2020,11,8,08/11/2020,58.8,51,1025.7,8.5,4.7,9.9,999.9,71.1,48.9,0,999.9,0,326,0,0
1,2020,11,9,09/11/2020,54.8,51,1026.6,6.6,5.2,8.9,999.9,71.1,46,0,999.9,1,318,,0
2,2020,11,10,10/11/2020,57.2,54.5,1022.8,5.7,8.2,13,999.9,68,46.9,0,999.9,1,343,22,19.1
3,2020,11,11,11/11/2020,61.4,58.9,1020.2,9,10.4,12,999.9,66,51.1,0,999.9,0,300,17,14.8
6,2020,11,21,21/11/2020,57.7,48.4,1024.7,9.3,10.3,18.1,999.9,64.9,51.1,0,999.9,0,314,,0
3,2020,11,25,25/11/2020,45.1,35.1,1029.5,10,9.7,18.1,999.9,55.9,30,0,999.9,0,276,23,20
4,2020,11,26,26/11/2020,55.7,53.3,1020.9,7,10.2,15.9,999.9,57.9,52,0,999.9,0,203,20,17.4
5,2020,11,27,27/11/2020,54,50.8,1016,5.4,4.4,12,999.9,62.1,43,0.48,999.9,1,279,,0
6,2020,11,28,28/11/2020,50.6,44.4,1013.2,8.7,4.3,8.9,999.9,62.1,43,0,999.9,1,239,23,20
7,2020,11,29,29/11/2020,47.4,35.5,1018.8,10,8.5,14,999.9,55,37.9,0,999.9,0,248,,0
5,2020,12,11,11/12/2020,41.5,35.7,1022.4,10,5.8,12,999.9,54,27,0,999.9,0,348,,0
6,2020,12,12,12/12/2020,52.1,50,1021.2,8.6,7,14,999.9,57.9,48,0,999.9,1,285,,0
1,2020,12,14,14/12/2020,44,39.4,1013.2,8.9,6.3,12,999.9,57,39.9,0,999.9,0,250,32,27.8
7,2020,12,20,20/12/2020,38.5,33.2,1023.1,10,3.8,9.9,999.9,48.9,25,0,999.9,0,194,,0
1,2020,12,21,21/12/2020,42.3,39.9,1010.9,8.2,7.9,13,999.9,48.9,26.1,0.28,999.9,0,268,,0
1,2020,12,28,28/12/2020,43,36.2,1024.8,10,9.5,14,999.9,52,26.1,0,999.9,0,217,21,18.2
